0.9,1,2.488744,0,1,0,0.9103907,0.5909808,-2.267392,-0.9849561,0.1480935,-0.08905289,0,0,0,0,0,0,0,1,0.1,0.9103907,0,-2.267392,2.267392,0,0.9103911,-0.9959376,0,-0.09004607,0.09004619,0,-0.9959376,null
0.9,1,2.517898,0,1,0,0.9104257,0.5909779,-2.267369,-0.9849406,0.1481874,-0.08906721,0,0,0,0,0,0,0,1,0.2,0.9104258,0,-2.267369,2.267369,0,0.9104261,-0.9959362,0,-0.09006206,0.09006218,0,-0.9959362,null
0.9,1,2.538608,0,1,0,0.9104032,0.5909572,-2.267339,-0.9849155,0.1482955,-0.08916491,0,0,0,0,0,0,0,1,0.3,0.9104033,0,-2.267339,2.267339,0,0.9104036,-0.995927,0,-0.09016223,0.09016234,0,-0.995927,null
0.9,1,2.548216,0,1,0,0.9106506,0.5908976,-2.267291,-0.9849128,0.1483319,-0.08913562,0,0,0,0,0,0,0,1,0.4,0.9106507,0,-2.267291,2.267291,0,0.910651,-0.9959298,0,-0.09013291,0.09013303,0,-0.9959298,null
0.9,1,2.557327,0,1,0,0.9107142,0.5908453,-2.267262,-0.9848919,0.1484905,-0.08910079,0,0,0,0,0,0,0,1,0.5,0.9107143,0,-2.267262,2.267262,0,0.9107146,-0.9959328,0,-0.09009983,0.09009995,0,-0.9959328,null
0.9,1,2.56817,0,1,0,0.910729,0.5908413,-2.267252,-0.9848932,0.1484703,-0.08912063,0,0,0,0,0,0,0,1,0.6,0.9107291,0,-2.267252,2.267253,0,0.9107294,-0.9959309,0,-0.09011973,0.09011985,0,-0.9959309,null
0.9,1,2.581457,0,1,0,0.9107432,0.590843,-2.267274,-0.9848988,0.1484538,-0.08908697,0,0,0,0,0,0,0,1,0.7,0.9107432,0,-2.267274,2.267275,0,0.9107436,-0.995934,0,-0.09008563,0.09008574,0,-0.995934,null
0.9,1,2.59543,0,1,0,0.9107527,0.5908523,-2.267265,-0.9849266,0.1482923,-0.08904776,0,0,0,0,0,0,0,1,0.8000001,0.9107527,0,-2.267265,2.267265,0,0.9107531,-0.9959378,0,-0.09004377,0.09004389,0,-0.9959378,null
0.9,1,2.604278,0,1,0,0.910731,0.5908713,-2.267267,-0.984881,0.1485121,-0.08918471,0,0,0,0,0,0,0,1,0.9000001,0.910731,0,-2.267267,2.267268,0,0.9107314,-0.995925,0,-0.09018518,0.0901853,0,-0.995925,null
0.9,1,2.613272,0,1,0,0.9107415,0.5908933,-2.267263,-0.9849168,0.1482352,-0.08925231,0,0,0,0,0,0,0,1,1,0.9107416,0,-2.267263,2.267264,0,0.9107419,-0.9959192,0,-0.09024973,0.09024985,0,-0.9959192,null
0.9,1,2.623304,0,1,0,0.9107427,0.5908905,-2.267269,-0.9849007,0.1484607,-0.08905268,0,0,0,0,0,0,0,1,1.1,0.9107428,0,-2.267269,2.267269,0,0.9107431,-0.9959372,0,-0.09005086,0.09005098,0,-0.9959372,null
0.9,1,2.63177,0,1,0,0.9107314,0.5909203,-2.267259,-0.9849422,0.1481766,-0.08906682,0,0,0,0,0,0,0,1,1.2,0.9107315,0,-2.267259,2.267259,0,0.9107319,-0.9959362,0,-0.09006134,0.09006146,0,-0.9959362,null
0.9,1,2.6413,0,1,0,0.9107309,0.5908989,-2.267244,-0.9849074,0.1483152,-0.08922035,0,0,0,0,0,0,0,1,1.3,0.9107315,0,-2.267259,2.267259,0,0.9107319,-0.9959362,0,-0.09006134,0.09006146,0,-0.9959362,null
0.9,1,2.650812,0,1,0,0.9106694,0.5908753,-2.267253,-0.9848785,0.1485668,-0.08912107,0,0,0,0,0,0,0,1,1.4,0.9106695,0,-2.267253,2.267253,0,0.9106699,-0.9959307,0,-0.09012149,0.0901216,0,-0.9959307,null
0.9,1,2.674656,0,1,0,0.9106856,0.5908911,-2.267233,-0.9849052,0.1482818,-0.08930127,0,0,0,0,0,0,0,1,1.5,0.9106857,0,-2.267233,2.267233,0,0.910686,-0.9959146,0,-0.09029989,0.09030001,0,-0.9959146,null
0.9,1,2.692763,0,1,0,0.9107096,0.5908878,-2.26728,-0.9849521,0.1481585,-0.08898905,0,0,0,0,0,0,0,1,1.6,0.9107097,0,-2.26728,2.267281,0,0.91071,-0.9959434,0,-0.08998239,0.08998251,0,-0.9959434,null
0.9,1,2.710812,0,1,0,0.9107069,0.5908581,-2.267267,-0.984899,0.1484315,-0.08912082,0,0,0,0,0,0,0,1,1.7,0.910707,0,-2.267267,2.267267,0,0.9107074,-0.995931,0,-0.09011932,0.09011944,0,-0.995931,null
0.9,1,2.722806,0,1,0,0.9107797,0.5908386,-2.267245,-0.9849161,0.1483441,-0.08907748,0,0,0,0,0,0,0,1,1.8,0.9107797,0,-2.267245,2.267246,0,0.9107801,-0.995935,0,-0.09007444,0.09007456,0,-0.995935,null
0.9,1,2.745096,0,1,0,0.9107941,0.5908335,-2.267247,-0.9849224,0.1483555,-0.08898668,0,0,0,0,0,0,0,1,1.9,0.9107941,0,-2.267247,2.267247,0,0.9107945,-0.9959433,0,-0.08998276,0.08998287,0,-0.9959433,null
0.9,1,2.764853,0,1,0,0.9107786,0.5908303,-2.267271,-0.9849101,0.1484703,-0.08893339,0,0,0,0,0,0,0,1,2,0.9107786,0,-2.267271,2.267271,0,0.910779,-0.9959481,0,-0.08993033,0.08993044,0,-0.9959481,null
0.9,1,2.787192,0,1,0,0.9108211,0.5907849,-2.267244,-0.9848869,0.1485008,-0.08913995,0,0,0,0,0,0,0,1,2.1,0.9108212,0,-2.267244,2.267244,0,0.9108216,-0.9959292,0,-0.09013951,0.09013963,0,-0.9959292,null
0.9,1,2.800614,0,1,0,0.9109026,0.5907483,-2.267255,-0.9849037,0.1484243,-0.08907922,0,0,0,0,0,0,0,1,2.2,0.9109026,0,-2.267255,2.267256,0,0.910903,-0.9959348,0,-0.09007714,0.09007724,0,-0.9959347,null
0.9,1,2.811462,0,1,0,0.910924,0.5907238,-2.267264,-0.9849389,0.1482586,-0.08896754,0,0,0,0,0,0,0,1,2.3,0.9109241,0,-2.267264,2.267264,0,0.9109244,-0.9959452,0,-0.08996211,0.08996223,0,-0.9959452,null
0.9,1,2.823265,0,1,0,0.9109392,0.5907075,-2.267235,-0.9849143,0.1482308,-0.08928567,0,0,0,0,0,0,0,1,2.4,0.9109392,0,-2.267235,2.267235,0,0.9109396,-0.9959161,0,-0.09028339,0.09028351,0,-0.9959161,null
0.9,1,2.838228,0,1,0,0.9109667,0.5906686,-2.267226,-0.9849073,0.1482825,-0.08927699,0,0,0,0,0,0,0,1,2.5,0.9109668,0,-2.267226,2.267226,0,0.9109671,-0.9959168,0,-0.09027527,0.09027539,0,-0.9959168,null
0.9,1,2.850107,0,1,0,0.9110492,0.5906179,-2.267242,-0.984863,0.1485198,-0.08937068,0,0,0,0,0,0,0,1,2.6,0.9110492,0,-2.267242,2.267243,0,0.9110496,-0.995908,0,-0.09037334,0.09037346,0,-0.995908,null
0.9,1,2.859046,0,1,0,0.9110926,0.5906005,-2.267229,-0.9849237,0.1483767,-0.0889359,0,0,0,0,0,0,0,1,2.7,0.9110923,0,-2.26723,2.26723,0,0.9110926,-0.9959523,0,-0.08988285,0.08988297,0,-0.9959523,null
0.9,1,2.86991,0,1,0,0.9111935,0.5905271,-2.267227,-0.9848884,0.1486295,-0.08890484,0,0,0,0,0,0,0,1,2.799999,0.9111935,0,-2.267227,2.267227,0,0.9111932,-0.9959505,0,-0.08990332,0.08985458,0,-0.9959549,null
0.9,1,2.892359,0,1,0,0.911315,0.5905168,-2.26718,-0.9848818,0.1484549,-0.08927211,0,0,0,0,0,0,0,1,2.899999,0.911315,0,-2.26718,2.26718,0,0.9113147,-0.9959171,0,-0.09027236,0.09022363,0,-0.9959216,null
0.9,1,2.91438,0,1,0,0.9113016,0.5905256,-2.267205,-0.9848739,0.1486718,-0.08899434,0,0,0,0,0,0,0,1,2.999999,0.9113016,0,-2.267205,2.267205,0,0.9113013,-0.9959422,0,-0.08999431,0.08994558,0,-0.9959467,null
0.9,1,2.93691,0,1,0,0.9112543,0.5905573,-2.267184,-0.9848677,0.1485087,-0.0893365,0,0,0,0,0,0,0,1,3.099999,0.9112544,0,-2.267184,2.267184,0,0.9112543,-0.9959111,0,-0.09033853,0.09032422,0,-0.9959124,null
0.9,1,2.959094,0,1,0,0.9113405,0.5905175,-2.26716,-0.9848777,0.1484523,-0.0893201,0,0,0,0,0,0,0,1,3.199999,0.9113406,0,-2.26716,2.26716,0,0.9113405,-0.9959127,0,-0.09032112,0.09030682,0,-0.995914,null
0.9,1,2.986051,0,1,0,0.9113177,0.5905429,-2.267183,-0.9848977,0.1483373,-0.08929024,0,0,0,0,0,0,0,1,3.299999,0.9113178,0,-2.267183,2.267184,0,0.9113178,-0.9959156,0,-0.09028938,0.09027507,0,-0.9959169,null
0.9,1,3.002541,0,1,0,0.9112502,0.5905684,-2.267187,-0.9849125,0.1481942,-0.08936474,0,0,0,0,0,0,0,1,3.399999,0.9112504,0,-2.267187,2.267187,0,0.9112503,-0.9959089,0,-0.09036274,0.09034844,0,-0.9959102,null
0.9,1,3.025022,0,1,0,0.9112483,0.5905954,-2.267222,-0.984893,0.1485527,-0.08898379,0,0,0,0,0,0,0,1,3.499999,0.9112484,0,-2.267222,2.267223,0,0.9112486,-0.9959434,0,-0.08998261,0.08993406,0,-0.9959478,null
0.9,1,3.046977,0,1,0,0.911385,0.5905455,-2.267177,-0.9848507,0.148665,-0.08926482,0,0,0,0,0,0,0,1,3.599999,0.9113851,0,-2.267177,2.267177,0,0.9113853,-0.9959175,0,-0.09026813,0.09021957,0,-0.9959219,null
0.9,1,3.069561,0,1,0,0.9115055,0.5905452,-2.26717,-0.9849017,0.1483262,-0.08926578,0,0,0,0,0,0,0,1,3.699999,0.9115055,0,-2.26717,2.26717,0,0.9115058,-0.9959178,0,-0.09026446,0.09021591,0,-0.9959222,null
0.9,1,3.091753,0,1,0,0.9114805,0.5905286,-2.267177,-0.9848762,0.1486126,-0.08907131,0,0,0,0,0,0,0,1,3.799999,0.9114805,0,-2.267177,2.267177,0,0.9114808,-0.9959353,0,-0.09007186,0.0900233,0,-0.9959397,null
0.9,1,3.113288,0,1,0,0.911486,0.5905175,-2.267127,-0.9848949,0.1484023,-0.08921219,0,0,0,0,0,0,0,1,3.899998,0.9114861,0,-2.267127,2.267127,0,0.9114863,-0.9959227,0,-0.09021119,0.09016263,0,-0.9959271,null
0.9,1,3.135953,0,1,0,0.9114175,0.5904617,-2.267109,-0.9848308,0.1487373,-0.08936375,0,0,0,0,0,0,0,1,3.999998,0.9114177,0,-2.267109,2.267109,0,0.9114179,-0.9959083,0,-0.09036922,0.09032067,0,-0.9959127,null
0.9,1,3.158564,0,1,0,0.9113028,0.5905454,-2.26714,-0.9848716,0.1485315,-0.0892574,0,0,0,0,0,0,0,1,4.099998,0.9113029,0,-2.26714,2.26714,0,0.9113031,-0.9959183,0,-0.09025882,0.09021027,0,-0.9959227,null
0.9,1,3.184216,0,1,0,0.9113272,0.590539,-2.267151,-0.9848763,0.1483874,-0.08944403,0,0,0,0,0,0,0,1,4.199998,0.9113272,0,-2.267151,2.267151,0,0.9113275,-0.9959014,0,-0.09044572,0.09039716,0,-0.9959058,null
0.9,1,3.211103,0,1,0,0.9111403,0.5906348,-2.267191,-0.9848635,0.148636,-0.0891734,0,0,0,0,0,0,0,1,4.299998,0.9111404,0,-2.267191,2.267191,0,0.9111406,-0.9959259,0,-0.09017545,0.09012689,0,-0.9959303,null
0.9,1,3.229847,0,1,0,0.9111007,0.5906457,-2.267154,-0.9848344,0.1486534,-0.08946337,0,0,0,0,0,0,0,1,4.399998,0.9111006,0,-2.267155,2.267155,0,0.9111008,-0.9958962,0,-0.09050322,0.09045466,0,-0.9959006,null
0.9,1,3.250613,0,1,0,0.9112198,0.5906393,-2.267166,-0.9848559,0.1486888,-0.08916868,0,0,0,0,0,0,0,1,4.499998,0.9112199,0,-2.267166,2.267166,0,0.9112198,-0.9959263,0,-0.09017138,0.09015708,0,-0.9959276,null
0.9,1,3.27017,0,1,0,0.9111288,0.5907356,-2.267215,-0.9849057,0.1483208,-0.08923081,0,0,0,0,0,0,0,1,4.599998,0.9111289,0,-2.267215,2.267215,0,0.9111288,-0.995921,0,-0.09022913,0.09021483,0,-0.9959223,null
0.9,1,3.294013,0,1,0,0.9111841,0.5906844,-2.267179,-0.9848621,0.1486295,-0.08919854,0,0,0,0,0,0,0,1,4.699998,0.9111843,0,-2.267179,2.26718,0,0.9111842,-0.9959236,0,-0.09020057,0.09018627,0,-0.9959249,null
0.9,1,3.315012,0,1,0,0.9111004,0.5907288,-2.267147,-0.9849026,0.1484338,-0.08907901,0,0,0,0,0,0,0,1,4.799998,0.9111005,0,-2.267147,2.267148,0,0.9111004,-0.9959347,0,-0.09007727,0.09006297,0,-0.995936,null
0.9,1,3.337194,0,1,0,0.9110965,0.5907131,-2.267139,-0.9848831,0.1484963,-0.08918688,0,0,0,0,0,0,0,1,4.899998,0.9110966,0,-2.267139,2.267139,0,0.9110965,-0.9959248,0,-0.09018699,0.09017269,0,-0.9959261,null
0.9,1,3.347501,0,1,0,0.9111164,0.5907264,-2.267141,-0.9849057,0.1481963,-0.08943683,0,0,0,0,0,0,0,1,4.999998,0.9111162,0,-2.267141,2.267141,0,0.9111162,-0.9958991,0,-0.09047002,0.09045571,0,-0.9959005,null
0.9,1,3.359078,0,1,0,0.9111325,0.5906889,-2.267138,-0.9848703,0.1485166,-0.08929486,0,0,0,0,0,0,0,1,5.099998,0.9111326,0,-2.267138,2.267138,0,0.9111323,-0.9959149,0,-0.09029644,0.09031639,0,-0.9959131,null
0.9,1,3.376555,0,1,0,0.9111624,0.5907043,-2.267173,-0.9849215,0.1482874,-0.08911382,0,0,0,0,0,0,0,1,5.199997,0.9111625,0,-2.267172,2.267173,0,0.9111622,-0.9959317,0,-0.09011035,0.09013031,0,-0.99593,null
0.9,1,3.387038,0,1,0,0.9111257,0.5907093,-2.267162,-0.9848626,0.1484992,-0.08940952,0,0,0,0,0,0,0,1,5.299997,0.9111258,0,-2.267162,2.267163,0,0.9111255,-0.9959044,0,-0.09041222,0.09043217,0,-0.9959027,null
0.9,1,3.395322,0,1,0,0.9110965,0.5907123,-2.26718,-0.984854,0.1486228,-0.08929788,0,0,0,0,0,0,0,1,5.399997,0.9111258,0,-2.267162,2.267163,0,0.9111255,-0.9959044,0,-0.09041222,0.09043217,0,-0.9959027,null
0.9,1,3.403238,0,1,0,0.9111868,0.5907156,-2.26719,-0.9848943,0.1484562,-0.08913193,0,0,0,0,0,0,0,1,5.499997,0.9111869,0,-2.267189,2.26719,0,0.9111866,-0.9959299,0,-0.090131,0.09015095,0,-0.9959281,null
0.9,1,3.41404,0,1,0,0.9111922,0.5907019,-2.267185,-0.9848748,0.1485525,-0.08918654,0,0,0,0,0,0,0,1,5.599997,0.9111924,0,-2.267185,2.267186,0,0.9111921,-0.9959248,0,-0.09018745,0.09020739,0,-0.995923,null
0.9,1,3.425241,0,1,0,0.9111698,0.5906773,-2.267199,-0.984879,0.1485996,-0.08905961,0,0,0,0,0,0,0,1,5.699997,0.9111699,0,-2.267199,2.2672,0,0.9111696,-0.9959363,0,-0.09005976,0.09007972,0,-0.9959345,null
0.9,1,6.762866,0,1,0,0.9101028,0.591013,-2.267454,-0.9848074,0.148775,-0.08955947,0,0,0,0,0,0,0,1,5.799997,0.9101028,0,-2.267454,2.267457,0,0.9100999,-0.9958903,0,-0.09056776,0.09033638,0,-0.9959114,null
0.9,1,6.786753,0,1,0,0.9100811,0.5910298,-2.267485,-0.9848529,0.1485703,-0.08939901,0,0,0,0,0,0,0,1,5.899997,0.9100811,0,-2.267485,2.267488,0,0.9100782,-0.9959053,0,-0.0904027,0.09017131,0,-0.9959263,null
0.9,1,6.797729,0,1,0,0.9101048,0.5910238,-2.267462,-0.9848809,0.1484556,-0.08928012,0,0,0,0,0,0,0,1,5.999997,0.9101049,0,-2.267462,2.267464,0,0.9101019,-0.9959164,0,-0.09028078,0.09004939,0,-0.9959373,null
0.9,1,6.815203,0,1,0,0.9101451,0.5909908,-2.267457,-0.9848325,0.1487326,-0.08935318,0,0,0,0,0,0,0,1,6.099997,0.9101452,0,-2.267457,2.26746,0,0.9101422,-0.9959093,0,-0.09035856,0.09012718,0,-0.9959303,null
0.9,1,6.832385,0,1,0,0.9101287,0.5910115,-2.267462,-0.9848479,0.1485977,-0.08940909,0,0,0,0,0,0,0,1,6.199996,0.9101287,0,-2.267462,2.267464,0,0.9101257,-0.9959043,0,-0.09041326,0.09018188,0,-0.9959253,null
0.9,1,6.854822,0,1,0,0.9101592,0.5910339,-2.267451,-0.9848204,0.1487897,-0.0893915,0,0,0,0,0,0,0,1,6.299996,0.9101593,0,-2.267451,2.267453,0,0.9101563,-0.9959057,0,-0.09039807,0.09016668,0,-0.9959267,null
0.9,1,6.879482,0,1,0,0.9101813,0.591046,-2.267394,-0.9848639,0.1484883,-0.08941484,0,0,0,0,0,0,0,1,6.399996,0.9101814,0,-2.267394,2.267396,0,0.9101784,-0.9959039,0,-0.09041762,0.09018623,0,-0.9959249,null
0.9,1,6.897332,0,1,0,0.9102761,0.5910258,-2.267405,-0.9848517,0.1485416,-0.08945818,0,0,0,0,0,0,0,1,6.499996,0.9102762,0,-2.267405,2.267408,0,0.9102732,-0.9958999,0,-0.09046199,0.09023061,0,-0.995921,null
0.9,1,6.915891,0,1,0,0.9103078,0.5910268,-2.267387,-0.9848561,0.1485674,-0.08936858,0,0,0,0,0,0,0,1,6.599996,0.9103079,0,-2.267387,2.267389,0,0.9103049,-0.9959081,0,-0.0903718,0.09014042,0,-0.9959291,null
0.9,1,6.925158,0,1,0,0.9103669,0.5910136,-2.267391,-0.9848719,0.1485227,-0.08926728,0,0,0,0,0,0,0,1,6.699996,0.910367,0,-2.267391,2.267394,0,0.910364,-0.9959174,0,-0.09026876,0.09003738,0,-0.9959384,null
0.9,1,6.934168,0,1,0,0.9104563,0.5909459,-2.267388,-0.9848095,0.1488159,-0.08946824,0,0,0,0,0,0,0,1,6.799996,0.9104564,0,-2.267388,2.26739,0,0.9104534,-0.9958987,0,-0.09047613,0.09024473,0,-0.9959196,null
0.9,1,6.943231,0,1,0,0.9103734,0.5910171,-2.267406,-0.9848297,0.1487052,-0.08943097,0,0,0,0,0,0,0,1,6.899996,0.9103736,0,-2.267406,2.267409,0,0.9103706,-0.9959022,0,-0.09043686,0.09020546,0,-0.9959232,null
0.9,1,6.95718,0,1,0,0.9103678,0.5910411,-2.267436,-0.9848672,0.1485756,-0.08923401,0,0,0,0,0,0,0,1,6.999996,0.9103679,0,-2.267436,2.267438,0,0.9103649,-0.9959204,0,-0.09023599,0.0900046,0,-0.9959414,null
0.9,1,6.969112,0,1,0,0.9104664,0.590974,-2.267384,-0.9848022,0.1488162,-0.0895474,0,0,0,0,0,0,0,1,7.099996,0.9104666,0,-2.267384,2.267386,0,0.9104636,-0.9958913,0,-0.09055613,0.09032475,0,-0.9959124,null
0.9,1,6.978384,0,1,0,0.9104683,0.5910022,-2.267389,-0.9848429,0.1485586,-0.08952854,0,0,0,0,0,0,0,1,7.199996,0.9104684,0,-2.267389,2.267391,0,0.9104654,-0.9958934,0,-0.09053348,0.0903021,0,-0.9959144,null
0.9,1,6.987241,0,1,0,0.9104346,0.5909681,-2.26739,-0.9848204,0.1487752,-0.08941631,0,0,0,0,0,0,0,1,7.299995,0.9104347,0,-2.26739,2.267392,0,0.9104317,-0.9959034,0,-0.09042291,0.09019153,0,-0.9959244,null
0.9,1,6.995753,0,1,0,0.9104292,0.5909773,-2.267402,-0.9848419,0.1485887,-0.08948666,0,0,0,0,0,0,0,1,7.399995,0.9104347,0,-2.26739,2.267392,0,0.9104317,-0.9959034,0,-0.09042291,0.09019153,0,-0.9959244,null
0.9,1,7.004381,0,1,0,0.9103177,0.5910058,-2.267458,-0.9848478,0.1486962,-0.08924583,0,0,0,0,0,0,0,1,7.499995,0.9103178,0,-2.267458,2.267461,0,0.9103148,-0.9959192,0,-0.09024951,0.09001812,0,-0.9959401,null
0.9,1,7.015079,0,1,0,0.9103259,0.591012,-2.26744,-0.984825,0.1486548,-0.08956558,0,0,0,0,0,0,0,1,7.599995,0.910326,0,-2.26744,2.267442,0,0.910323,-0.9958899,0,-0.09057219,0.09034081,0,-0.9959109,null
0.9,1,7.023971,0,1,0,0.9103331,0.5910133,-2.267452,-0.9848413,0.1486699,-0.08936148,0,0,0,0,0,0,0,1,7.699995,0.9103332,0,-2.267452,2.267454,0,0.9103302,-0.9959086,0,-0.09036602,0.09013464,0,-0.9959296,null
0.9,1,7.037504,0,1,0,0.9102314,0.5910465,-2.267458,-0.9848487,0.148514,-0.08953668,0,0,0,0,0,0,0,1,7.799995,0.9102315,0,-2.267458,2.267461,0,0.9102285,-0.9958927,0,-0.09054111,0.09030973,0,-0.9959137,null
0.9,1,7.046291,0,1,0,0.9102275,0.591056,-2.267468,-0.9848546,0.148519,-0.08946584,0,0,0,0,0,0,0,1,7.899995,0.9102275,0,-2.267468,2.267471,0,0.9102246,-0.9958993,0,-0.09046934,0.09023794,0,-0.9959202,null
0.9,1,7.056159,0,1,0,0.910185,0.5910509,-2.267464,-0.9848528,0.1485045,-0.08950836,0,0,0,0,0,0,0,1,7.999995,0.9101851,0,-2.267464,2.267466,0,0.9101821,-0.9958953,0,-0.09051221,0.09028082,0,-0.9959164,null
0.9,1,7.066813,0,1,0,0.9101704,0.5910382,-2.26747,-0.9848318,0.1486783,-0.089451,0,0,0,0,0,0,0,1,8.099995,0.9101704,0,-2.26747,2.267473,0,0.9101675,-0.9959004,0,-0.09045664,0.09022526,0,-0.9959214,null
0.9,1,7.077922,0,1,0,0.9101849,0.5910292,-2.267442,-0.9848464,0.1486079,-0.08940917,0,0,0,0,0,0,0,1,8.199995,0.910185,0,-2.267442,2.267445,0,0.910182,-0.9959043,0,-0.09041353,0.09018215,0,-0.9959253,null
0.9,1,7.08966,0,1,0,0.9102559,0.5909939,-2.267414,-0.9848456,0.1485706,-0.08947834,0,0,0,0,0,0,0,1,8.299995,0.910256,0,-2.267414,2.267416,0,0.910253,-0.995898,0,-0.0904829,0.09025151,0,-0.995919,null
0.9,1,7.104795,0,1,0,0.910235,0.5909971,-2.267393,-0.9848194,0.1485817,-0.08974788,0,0,0,0,0,0,0,1,8.399996,0.9102352,0,-2.267393,2.267395,0,0.9102322,-0.9958732,0,-0.09075551,0.09052414,0,-0.9958943,null
0.9,1,7.115529,0,1,0,0.910169,0.5910572,-2.267424,-0.9848416,0.148589,-0.08949142,0,0,0,0,0,0,0,1,8.499996,0.910169,0,-2.267424,2.267426,0,0.910166,-0.9959145,0,-0.09030169,0.09007031,0,-0.9959354,null
0.9,1,7.124603,0,1,0,0.9101546,0.591054,-2.267422,-0.984839,0.1486122,-0.08948071,0,0,0,0,0,0,0,1,8.599997,0.9101546,0,-2.267422,2.267424,0,0.9101515,-0.9958978,0,-0.09048567,0.0900597,0,-0.9959363,null
0.9,1,7.133824,0,1,0,0.9101111,0.5910445,-2.267379,-0.9848619,0.1484745,-0.08945916,0,0,0,0,0,0,0,1,8.699997,0.9101111,0,-2.267379,2.267381,0,0.910108,-0.9958999,0,-0.090462,0.09003602,0,-0.9959385,null
0.9,1,7.145386,0,1,0,0.9101135,0.5910395,-2.267373,-0.9848293,0.1487407,-0.08937475,0,0,0,0,0,0,0,1,8.799997,0.9101135,0,-2.267373,2.267375,0,0.9101104,-0.9959073,0,-0.09038034,0.08995436,0,-0.9959459,null
0.9,1,7.156645,0,1,0,0.9102421,0.5910141,-2.267356,-0.9848574,0.1484733,-0.08950905,0,0,0,0,0,0,0,1,8.899998,0.9102422,0,-2.267356,2.267358,0,0.910239,-0.9958953,0,-0.09051252,0.09008655,0,-0.9959339,null
0.9,1,7.167322,0,1,0,0.9102197,0.5910139,-2.267336,-0.9848283,0.1485476,-0.08970782,0,0,0,0,0,0,0,1,8.999998,0.9102198,0,-2.267336,2.267339,0,0.9102167,-0.995877,0,-0.09071451,0.09028854,0,-0.9959157,null
0.9,1,7.177655,0,1,0,0.9101933,0.5910319,-2.267373,-0.9848469,0.1485912,-0.08942961,0,0,0,0,0,0,0,1,9.099998,0.9101934,0,-2.267373,2.267375,0,0.9101902,-0.9959025,0,-0.09043378,0.0900078,0,-0.995941,null
0.9,1,7.199709,0,1,0,0.9101513,0.5910424,-2.267381,-0.9848401,0.1486036,-0.08948483,0,0,0,0,0,0,0,1,9.199999,0.9101514,0,-2.267381,2.267383,0,0.9101482,-0.9958974,0,-0.09048984,0.09006387,0,-0.995936,null
0.9,1,7.216536,0,1,0,0.9101368,0.5910459,-2.267372,-0.98484,0.148551,-0.08957247,0,0,0,0,0,0,0,1,9.299999,0.9101368,0,-2.267372,2.267374,0,0.9101337,-0.9958894,0,-0.09057754,0.09015156,0,-0.995928,null
0.9,1,7.226672,0,1,0,0.9101691,0.5910082,-2.267409,-0.9848202,0.148714,-0.08951861,0,0,0,0,0,0,0,1,9.4,0.9101692,0,-2.267409,2.267412,0,0.910166,-0.9958941,0,-0.09052546,0.09009949,0,-0.9959328,null
0.9,1,7.235436,0,1,0,0.9101746,0.5910416,-2.267382,-0.9848517,0.1483431,-0.08978816,0,0,0,0,0,0,0,1,9.5,0.9101747,0,-2.267382,2.267385,0,0.9101715,-0.9958698,0,-0.09079298,0.09036702,0,-0.9959085,null
0.9,1,7.244442,0,1,0,0.9103609,0.5909556,-2.267404,-0.9848288,0.1486565,-0.08952039,0,0,0,0,0,0,0,1,9.6,0.910361,0,-2.267404,2.267406,0,0.9103578,-0.9958941,0,-0.09052642,0.09010045,0,-0.9959327,null
0.9,1,7.253733,0,1,0,0.9103665,0.5909469,-2.267388,-0.9848212,0.1486684,-0.08958521,0,0,0,0,0,0,0,1,9.700001,0.9103666,0,-2.267388,2.267391,0,0.9103634,-0.9958881,0,-0.09059238,0.09016641,0,-0.9959267,null
0.9,1,7.263558,0,1,0,0.9103987,0.5909704,-2.267401,-0.984853,0.1485125,-0.08949356,0,0,0,0,0,0,0,1,9.800001,0.9103666,0,-2.267388,2.267391,0,0.9103634,-0.9958881,0,-0.09059238,0.09016641,0,-0.9959267,null
0.9,1,7.277267,0,1,0,0.9103904,0.590964,-2.267405,-0.984822,0.1486574,-0.08959163,0,0,0,0,0,0,0,1,9.900002,0.9103904,0,-2.267405,2.267407,0,0.9103873,-0.9958875,0,-0.09059847,0.09017251,0,-0.9959262,null
0.9,1,7.286172,0,1,0,0.9104662,0.5909576,-2.267393,-0.9848247,0.1486298,-0.08960904,0,0,0,0,0,0,0,1,10,0.9103904,0,-2.267405,2.267407,0,0.9103873,-0.9958875,0,-0.09059847,0.09017251,0,-0.9959262,null
0.9,1,7.294733,0,1,0,0.9104007,0.5909843,-2.267381,-0.9848214,0.1487558,-0.08943693,0,0,0,0,0,0,0,1,10.1,0.9104006,0,-2.267381,2.267383,0,0.9103975,-0.995914,0,-0.09030585,0.08987988,0,-0.9959527,null
0.9,1,7.303389,0,1,0,0.9103923,0.5909953,-2.267354,-0.9848329,0.1485641,-0.08962623,0,0,0,0,0,0,0,1,10.2,0.9103923,0,-2.267354,2.267356,0,0.9103891,-0.9958719,0,-0.09076979,0.09020623,0,-0.9959231,null
0.9,1,7.312674,0,1,0,0.9103207,0.5909925,-2.267346,-0.9848347,0.148552,-0.08962635,0,0,0,0,0,0,0,1,10.3,0.9103208,0,-2.267346,2.267349,0,0.9103173,-0.9958845,0,-0.09063194,0.09020585,0,-0.9959231,null
0.9,1,7.324857,0,1,0,0.910311,0.5909957,-2.267345,-0.9848264,0.148601,-0.08963768,0,0,0,0,0,0,0,1,10.4,0.910311,0,-2.267345,2.267347,0,0.9103076,-0.9958833,0,-0.09064426,0.09021816,0,-0.995922,null
0.9,1,7.33469,0,1,0,0.9103853,0.5909563,-2.267355,-0.9848036,0.1487452,-0.08964972,0,0,0,0,0,0,0,1,10.5,0.9103854,0,-2.267355,2.267357,0,0.9103819,-0.995882,0,-0.09065837,0.09023228,0,-0.9959208,null
0.9,1,7.34878,0,1,0,0.9104033,0.5909635,-2.267368,-0.984846,0.1485589,-0.08949131,0,0,0,0,0,0,0,1,10.6,0.9104034,0,-2.267368,2.26737,0,0.9103999,-0.9958969,0,-0.09049544,0.09006934,0,-0.9959354,null
0.9,1,7.358048,0,1,0,0.9104269,0.5909212,-2.267369,-0.9847824,0.1489541,-0.08953414,0,0,0,0,0,0,0,1,10.7,0.910427,0,-2.267369,2.267371,0,0.9104235,-0.9958924,0,-0.09054427,0.09011818,0,-0.9959311,null
0.9,1,7.367594,0,1,0,0.9104202,0.5909446,-2.267354,-0.9848077,0.1487225,-0.0896419,0,0,0,0,0,0,0,1,10.8,0.9104205,0,-2.267354,2.267357,0,0.9104171,-0.9958702,0,-0.09078772,0.09036164,0,-0.995909,null
0.9,1,7.378435,0,1,0,0.9104235,0.5909218,-2.26737,-0.9848235,0.1487672,-0.08939447,0,0,0,0,0,0,0,1,10.90001,0.9104235,0,-2.26737,2.267372,0,0.9104202,-0.9959055,0,-0.0904004,0.09011196,0,-0.9959316,null
0.9,1,7.389566,0,1,0,0.910411,0.5909283,-2.267341,-0.9848187,0.1487475,-0.08947794,0,0,0,0,0,0,0,1,11.00001,0.9104109,0,-2.267341,2.267343,0,0.9104077,-0.9958978,0,-0.09048453,0.0901961,0,-0.995924,null
0.9,1,7.402371,0,1,0,0.9104079,0.5909381,-2.267343,-0.9848335,0.1486603,-0.08946153,0,0,0,0,0,0,0,1,11.10001,0.9104078,0,-2.267343,2.267345,0,0.9104046,-0.9958995,0,-0.09046683,0.09017839,0,-0.9959257,null
0.9,1,7.411942,0,1,0,0.9103978,0.5909539,-2.267325,-0.9848238,0.1486531,-0.08958125,0,0,0,0,0,0,0,1,11.20001,0.9103977,0,-2.267325,2.267328,0,0.9103944,-0.9958885,0,-0.09058785,0.09029942,0,-0.9959146,null
0.9,1,7.426218,0,1,0,0.910416,0.5909542,-2.267332,-0.9848317,0.1486678,-0.08946671,0,0,0,0,0,0,0,1,11.30001,0.9104159,0,-2.267332,2.267334,0,0.9104127,-0.995899,0,-0.09047215,0.09018372,0,-0.9959251,null
0.9,1,7.436943,0,1,0,0.9104308,0.5909289,-2.267319,-0.9848037,0.1488536,-0.08946777,0,0,0,0,0,0,0,1,11.40001,0.9104307,0,-2.267319,2.267321,0,0.9104275,-0.9958987,0,-0.09047561,0.09018718,0,-0.9959248,null
0.9,1,7.445273,0,1,0,0.9104428,0.5909269,-2.267301,-0.9848093,0.1487744,-0.08953684,0,0,0,0,0,0,0,1,11.50001,0.9104428,0,-2.267301,2.267303,0,0.9104396,-0.9958924,0,-0.09054456,0.09025612,0,-0.9959186,null
0.9,1,7.456717,0,1,0,0.9105047,0.5909291,-2.267307,-0.9848357,0.1486585,-0.0894416,0,0,0,0,0,0,0,1,11.60001,0.9105046,0,-2.267307,2.267309,0,0.9105014,-0.9959013,0,-0.09044672,0.09015829,0,-0.9959275,null
0.9,1,7.468945,0,1,0,0.9105508,0.5909016,-2.2673,-0.9848254,0.1487021,-0.0894821,0,0,0,0,0,0,0,1,11.70001,0.9105508,0,-2.2673,2.267302,0,0.9105476,-0.9958975,0,-0.0904883,0.09019987,0,-0.9959237,null
0.9,1,7.479551,0,1,0,0.9105422,0.5909039,-2.267298,-0.9848217,0.1487208,-0.08949044,0,0,0,0,0,0,0,1,11.80001,0.9105421,0,-2.267298,2.2673,0,0.9105389,-0.9958967,0,-0.09049689,0.09020846,0,-0.9959229,null
0.9,1,7.490633,0,1,0,0.9106562,0.5908626,-2.267287,-0.9848279,0.1487518,-0.08937103,0,0,0,0,0,0,0,1,11.90001,0.9106562,0,-2.267287,2.26729,0,0.9106529,-0.9959077,0,-0.09037654,0.0900881,0,-0.9959338,null
0.9,1,7.501756,0,1,0,0.9106582,0.5908648,-2.26728,-0.9848339,0.1486067,-0.08954539,0,0,0,0,0,0,0,1,12.00001,0.9106582,0,-2.26728,2.267282,0,0.910655,-0.9958919,0,-0.09055097,0.09026253,0,-0.995918,null
0.9,1,10.20637,0,1,0,0.9111532,0.5905094,-2.267224,-0.9848837,0.1487837,-0.08870131,0,0,0,0,0,0,0,1,12.10001,0.9111533,0,-2.267224,2.267226,0,0.9111514,-0.9959688,0,-0.08969981,0.09015667,0,-0.9959276,null
0.9,1,10.22577,0,1,0,0.9112416,0.5905555,-2.267185,-0.9849578,0.1483216,-0.08865312,0,0,0,0,0,0,0,1,12.20001,0.9112416,0,-2.267185,2.267187,0,0.9112397,-0.9959738,0,-0.08964483,0.09010169,0,-0.9959326,null
0.9,1,10.23646,0,1,0,0.9112927,0.5905546,-2.267126,-0.984933,0.1484346,-0.08873744,0,0,0,0,0,0,0,1,12.30001,0.9112927,0,-2.267126,2.267128,0,0.9112908,-0.995966,0,-0.08973161,0.09018848,0,-0.9959248,null
0.9,1,10.24637,0,1,0,0.9113145,0.5905423,-2.267111,-0.984921,0.1484914,-0.08877707,0,0,0,0,0,0,0,1,12.40001,0.9113145,0,-2.267111,2.267113,0,0.9113126,-0.9959623,0,-0.08977265,0.0902295,0,-0.995921,null
0.9,1,10.26239,0,1,0,0.9112965,0.5905682,-2.267104,-0.9848976,0.1487151,-0.08866102,0,0,0,0,0,0,0,1,12.50001,0.9112965,0,-2.267104,2.267106,0,0.9112946,-0.9959726,0,-0.08965813,0.090115,0,-0.9959314,null
0.9,1,10.27129,0,1,0,0.9113187,0.5905694,-2.267103,-0.9849475,0.1484413,-0.08856559,0,0,0,0,0,0,0,1,12.60001,0.9113187,0,-2.267103,2.267105,0,0.9113168,-0.9959816,0,-0.08955797,0.09001484,0,-0.9959404,null
0.9,1,10.28757,0,1,0,0.9112707,0.590598,-2.267126,-0.9849224,0.1485576,-0.0886506,0,0,0,0,0,0,0,1,12.70001,0.9112707,0,-2.267126,2.267128,0,0.9112688,-0.9959737,0,-0.0896455,0.09010237,0,-0.9959325,null
0.9,1,10.30479,0,1,0,0.9112934,0.5906037,-2.267124,-0.9849463,0.1484134,-0.08862603,0,0,0,0,0,0,0,1,12.80001,0.9112934,0,-2.267124,2.267126,0,0.9112915,-0.9959762,0,-0.0896187,0.09007556,0,-0.9959349,null
0.9,1,10.32195,0,1,0,0.9113897,0.5905718,-2.267135,-0.9849299,0.1484881,-0.0886844,0,0,0,0,0,0,0,1,12.90001,0.9113897,0,-2.267135,2.267136,0,0.9113878,-0.9959708,0,-0.0896787,0.09013556,0,-0.9959295,null
0.9,1,10.34222,0,1,0,0.9113836,0.5906329,-2.26713,-0.9849216,0.1484101,-0.08890591,0,0,0,0,0,0,0,1,13.00001,0.9113836,0,-2.26713,2.267132,0,0.9113817,-0.9959506,0,-0.08990168,0.09035853,0,-0.9959093,null
0.9,1,10.36467,0,1,0,0.9113574,0.5906419,-2.267192,-0.9849641,0.1484592,-0.08835185,0,0,0,0,0,0,0,1,13.10001,0.9113574,0,-2.267192,2.267194,0,0.911356,-0.996001,0,-0.08934215,0.08993676,0,-0.9959475,null
0.9,1,10.38167,0,1,0,0.9113328,0.5906312,-2.267204,-0.9849465,0.1485253,-0.08843542,0,0,0,0,0,0,0,1,13.20001,0.9113328,0,-2.267204,2.267206,0,0.9113314,-0.9959933,0,-0.0894274,0.09002199,0,-0.9959397,null
0.9,1,10.40367,0,1,0,0.9113504,0.5906141,-2.267195,-0.9849486,0.148412,-0.08860095,0,0,0,0,0,0,0,1,13.30001,0.9113504,0,-2.267195,2.267196,0,0.9113489,-0.9959784,0,-0.08959346,0.09018805,0,-0.9959248,null
0.9,1,10.42081,0,1,0,0.9112893,0.5906141,-2.267237,-0.9849575,0.1486156,-0.08816044,0,0,0,0,0,0,0,1,13.40001,0.9112893,0,-2.267237,2.267238,0,0.911288,-0.9960181,0,-0.08915069,0.08988291,0,-0.9959524,null
0.9,1,10.4294,0,1,0,0.9113138,0.5905868,-2.267204,-0.9849386,0.148634,-0.08834119,0,0,0,0,0,0,0,1,13.50002,0.9112893,0,-2.267237,2.267238,0,0.911288,-0.9960181,0,-0.08915069,0.08988291,0,-0.9959524,null
0.9,1,10.44352,0,1,0,0.9113008,0.5906212,-2.267201,-0.9849962,0.1483261,-0.08821584,0,0,0,0,0,0,0,1,13.60002,0.9113008,0,-2.267201,2.267203,0,0.9112995,-0.9960135,0,-0.08920287,0.08993508,0,-0.9959476,null
0.9,1,10.45546,0,1,0,0.911314,0.5906012,-2.267196,-0.984964,0.1484581,-0.088355,0,0,0,0,0,0,0,1,13.70002,0.911314,0,-2.267196,2.267197,0,0.9113126,-0.9960006,0,-0.08934541,0.09007762,0,-0.9959348,null
0.9,1,10.46463,0,1,0,0.911256,0.5905945,-2.2672,-0.9849671,0.1485347,-0.08819133,0,0,0,0,0,0,0,1,13.80002,0.911314,0,-2.267196,2.267197,0,0.9113126,-0.9960006,0,-0.08934541,0.09007762,0,-0.9959348,null
0.9,1,10.47419,0,1,0,0.9112764,0.5905858,-2.267208,-0.9849572,0.1485741,-0.08823614,0,0,0,0,0,0,0,1,13.90002,0.9112764,0,-2.267208,2.26721,0,0.911275,-0.9960113,0,-0.08922671,0.08995892,0,-0.9959455,null
0.9,1,10.48664,0,1,0,0.9113209,0.5905699,-2.267193,-0.9849486,0.1485717,-0.08833482,0,0,0,0,0,0,0,1,14.00002,0.9113209,0,-2.267193,2.267194,0,0.9113195,-0.9960024,0,-0.08932663,0.09005883,0,-0.9959365,null
0.9,1,10.4957,0,1,0,0.9112569,0.5905674,-2.267219,-0.9849301,0.1486999,-0.08832603,0,0,0,0,0,0,0,1,14.10002,0.9112569,0,-2.267219,2.267221,0,0.9112555,-0.996003,0,-0.08931929,0.09005149,0,-0.9959372,null
0.9,1,10.51113,0,1,0,0.9112458,0.5905569,-2.267201,-0.9849216,0.1488128,-0.08822939,0,0,0,0,0,0,0,1,14.20002,0.9112458,0,-2.267201,2.267202,0,0.9112445,-0.9960117,0,-0.08922312,0.08995532,0,-0.9959458,null
0.9,1,10.53734,0,1,0,0.9112189,0.5905811,-2.267172,-0.9849316,0.1486474,-0.08839612,0,0,0,0,0,0,0,1,14.30002,0.9112188,0,-2.267172,2.267174,0,0.9112175,-0.9959968,0,-0.08938935,0.09012155,0,-0.9959307,null
0.9,1,10.55662,0,1,0,0.9112343,0.5905888,-2.267215,-0.9849812,0.1484969,-0.08809748,0,0,0,0,0,0,0,1,14.40002,0.9112343,0,-2.267215,2.267216,0,0.9112329,-0.996024,0,-0.08908551,0.08981774,0,-0.9959583,null
0.9,1,10.57826,0,1,0,0.9111089,0.5906276,-2.267219,-0.9849337,0.1485335,-0.08856335,0,0,0,0,0,0,0,1,14.50002,0.9111089,0,-2.267219,2.267221,0,0.9111074,-0.9959817,0,-0.08955698,0.09015157,0,-0.995928,null
0.9,1,10.59985,0,1,0,0.9110854,0.5906879,-2.267292,-0.984973,0.1484672,-0.08823965,0,0,0,0,0,0,0,1,14.60002,0.9110854,0,-2.267292,2.267294,0,0.9110841,-0.9960111,0,-0.08922897,0.08996117,0,-0.9959452,null
0.9,1,10.62187,0,1,0,0.9110988,0.5906848,-2.267332,-0.9849446,0.1486478,-0.08825121,0,0,0,0,0,0,0,1,14.70002,0.9110988,0,-2.267332,2.267334,0,0.9110976,-0.9960099,0,-0.08924305,0.08997526,0,-0.995944,null
0.9,1,10.64371,0,1,0,0.9111477,0.5906527,-2.267335,-0.9849472,0.1487321,-0.0880798,0,0,0,0,0,0,0,1,14.80002,0.9111478,0,-2.267334,2.267336,0,0.9111465,-0.9960253,0,-0.08907069,0.08980292,0,-0.9959596,null
0.9,1,10.66571,0,1,0,0.9111693,0.5906647,-2.267267,-0.9849683,0.1484972,-0.08824006,0,0,0,0,0,0,0,1,14.90002,0.9111693,0,-2.267267,2.267268,0,0.911168,-0.9960111,0,-0.08922971,0.08996192,0,-0.9959452,null
0.9,1,10.68968,0,1,0,0.9111279,0.5906682,-2.267225,-0.9849752,0.1484543,-0.08823553,0,0,0,0,0,0,0,1,15.00002,0.9111279,0,-2.267225,2.267226,0,0.9111266,-0.9960116,0,-0.08922441,0.08995661,0,-0.9959457,null
0.9,1,10.71284,0,1,0,0.9110851,0.5907285,-2.267243,-0.9850126,0.1481816,-0.08827616,0,0,0,0,0,0,0,1,15.10002,0.9110851,0,-2.267243,2.267244,0,0.9110838,-0.9960082,0,-0.08926196,0.08999416,0,-0.9959423,null
0.9,1,10.74105,0,1,0,0.9111635,0.5906996,-2.267214,-0.9849356,0.1485179,-0.08856932,0,0,0,0,0,0,0,1,15.20002,0.9111635,0,-2.267214,2.267216,0,0.9111621,-0.9959812,0,-0.08956292,0.0902951,0,-0.995915,null
0.9,1,10.75504,0,1,0,0.9111007,0.5907372,-2.267232,-0.9849765,0.148392,-0.08832669,0,0,0,0,0,0,0,1,15.30002,0.9111007,0,-2.267232,2.267234,0,0.9110994,-0.9960034,0,-0.0893158,0.09004801,0,-0.9959374,null
0.9,1,10.78247,0,1,0,0.9109418,0.5907955,-2.267249,-0.9849806,0.1484904,-0.08811575,0,0,0,0,0,0,0,1,15.40002,0.9109418,0,-2.267249,2.267251,0,0.9109405,-0.9960223,0,-0.08910381,0.08983602,0,-0.9959565,null
0.9,1,10.79955,0,1,0,0.9108477,0.5908229,-2.26728,-0.9849589,0.1485635,-0.08823338,0,0,0,0,0,0,0,1,15.50002,0.9108478,0,-2.26728,2.267282,0,0.9108465,-0.9960116,0,-0.08922385,0.08995605,0,-0.9959457,null
0.9,1,10.82218,0,1,0,0.9107152,0.5908673,-2.267322,-0.9849666,0.1484967,-0.08826151,0,0,0,0,0,0,0,1,15.60002,0.9107153,0,-2.267322,2.267324,0,0.910714,-0.9960092,0,-0.08925139,0.0899836,0,-0.9959432,null
0.9,1,10.84569,0,1,0,0.9107295,0.5908886,-2.267324,-0.9849934,0.1484078,-0.08810937,0,0,0,0,0,0,0,1,15.70002,0.9107296,0,-2.267324,2.267326,0,0.9107283,-0.996023,0,-0.08909614,0.08982836,0,-0.9959573,null
0.9,1,10.86622,0,1,0,0.9106343,0.5909243,-2.267315,-0.9849516,0.1484383,-0.08852706,0,0,0,0,0,0,0,1,15.80002,0.9106344,0,-2.267315,2.267317,0,0.910633,-0.9959851,0,-0.08951924,0.09011383,0,-0.9959314,null
0.9,1,10.88874,0,1,0,0.9106454,0.5909106,-2.267341,-0.9849644,0.1484916,-0.08829338,0,0,0,0,0,0,0,1,15.90002,0.9106455,0,-2.267341,2.267343,0,0.9106442,-0.9960063,0,-0.08928359,0.08987819,0,-0.9959528,null
0.9,1,10.91109,0,1,0,0.9105933,0.5909408,-2.267339,-0.9849519,0.1483891,-0.08860537,0,0,0,0,0,0,0,1,16.00002,0.9105934,0,-2.267339,2.267341,0,0.910592,-0.9959781,0,-0.08959768,0.09019227,0,-0.9959244,null
0.9,1,10.93443,0,1,0,0.9105946,0.5909264,-2.26738,-0.9849467,0.148433,-0.08858799,0,0,0,0,0,0,0,1,16.10003,0.9105945,0,-2.26738,2.267382,0,0.9105932,-0.9959796,0,-0.08958065,0.09017523,0,-0.995926,null
0.9,1,10.95531,0,1,0,0.9106277,0.5908903,-2.267351,-0.9849268,0.1485105,-0.08867987,0,0,0,0,0,0,0,1,16.20003,0.9106278,0,-2.267351,2.267353,0,0.9106265,-0.9959711,0,-0.08967449,0.09026907,0,-0.9959174,null
0.9,1,10.97739,0,1,0,0.9105958,0.5909144,-2.267391,-0.9850035,0.1484325,-0.08795775,0,0,0,0,0,0,0,1,16.30003,0.9105957,0,-2.267391,2.267393,0,0.9105942,-0.9960367,0,-0.08894315,0.08973224,0,-0.995966,null
0.9,1,11.00453,0,1,0,0.9105098,0.5909037,-2.26738,-0.9850056,0.1483781,-0.08802522,0,0,0,0,0,0,0,1,16.40003,0.9105096,0,-2.267379,2.267381,0,0.9105082,-0.9960307,0,-0.08901083,0.08979993,0,-0.9959599,null
0.9,1,11.01551,0,1,0,0.9105078,0.5908823,-2.267358,-0.9849544,0.1485846,-0.08824751,0,0,0,0,0,0,0,1,16.50003,0.9105079,0,-2.267358,2.26736,0,0.9105065,-0.9960103,0,-0.08923816,0.09002724,0,-0.9959393,null
0.9,1,11.02475,0,1,0,0.9105108,0.5908674,-2.267356,-0.9849787,0.1484367,-0.08822764,0,0,0,0,0,0,0,1,16.60003,0.9105109,0,-2.267356,2.267359,0,0.9105095,-0.9960123,0,-0.08921636,0.09000544,0,-0.9959413,null
0.9,1,11.03405,0,1,0,0.9105283,0.5908606,-2.26738,-0.9850044,0.1484372,-0.08793698,0,0,0,0,0,0,0,1,16.70003,0.9105282,0,-2.26738,2.267382,0,0.9105268,-0.9960386,0,-0.08892222,0.08971132,0,-0.9959679,null
0.9,1,11.04396,0,1,0,0.9106069,0.5908482,-2.267363,-0.9850069,0.1483201,-0.08810578,0,0,0,0,0,0,0,1,16.80003,0.910607,0,-2.267363,2.267365,0,0.9106055,-0.9960235,0,-0.08909141,0.0898805,0,-0.9959526,null
0.9,1,11.05486,0,1,0,0.9106112,0.5908219,-2.267345,-0.9849778,0.1484673,-0.08818474,0,0,0,0,0,0,0,1,16.90003,0.9106113,0,-2.267345,2.267347,0,0.9106098,-0.9960161,0,-0.08917309,0.08996217,0,-0.9959452,null
0.9,1,11.06587,0,1,0,0.9106327,0.5908135,-2.26733,-0.9849786,0.1485602,-0.08801817,0,0,0,0,0,0,0,1,17.00003,0.9106327,0,-2.26733,2.267332,0,0.9106312,-0.9960311,0,-0.08900588,0.08979498,0,-0.9959603,null
0.9,1,11.07774,0,1,0,0.9106531,0.5908311,-2.267295,-0.9849887,0.1483482,-0.08826268,0,0,0,0,0,0,0,1,17.10003,0.9106532,0,-2.267295,2.267297,0,0.9106517,-0.9960092,0,-0.08925049,0.09003957,0,-0.9959382,null
0.9,1,11.08836,0,1,0,0.9106722,0.5908187,-2.267301,-0.9849942,0.1485148,-0.08792121,0,0,0,0,0,0,0,1,17.20003,0.9106723,0,-2.267301,2.267303,0,0.9106708,-0.9960399,0,-0.0889073,0.08969641,0,-0.9959691,null
0.9,1,11.1013,0,1,0,0.9106269,0.5908882,-2.267284,-0.9849945,0.1483167,-0.08825186,0,0,0,0,0,0,0,1,17.30003,0.910627,0,-2.267284,2.267286,0,0.9106255,-0.9960102,0,-0.08923909,0.09002817,0,-0.9959393,null
0.9,1,11.11052,0,1,0,0.9106529,0.5908904,-2.267267,-0.9849935,0.1483051,-0.08828209,0,0,0,0,0,0,0,1,17.40003,0.910653,0,-2.267267,2.267268,0,0.9106514,-0.9960075,0,-0.08926944,0.09005852,0,-0.9959365,null
0.9,1,11.12202,0,1,0,0.910669,0.5908484,-2.26729,-0.9849848,0.1484705,-0.08810246,0,0,0,0,0,0,0,1,17.50003,0.9106691,0,-2.26729,2.267292,0,0.9106676,-0.9960236,0,-0.08909004,0.08987913,0,-0.9959527,null
0.9,1,11.13195,0,1,0,0.9106999,0.5908386,-2.267285,-0.9849911,0.1484416,-0.08808069,0,0,0,0,0,0,0,1,17.60003,0.9107,0,-2.267285,2.267287,0,0.9106985,-0.9960256,0,-0.0890677,0.08985679,0,-0.9959547,null
0.9,1,11.14523,0,1,0,0.9107832,0.5908198,-2.267256,-0.9849921,0.1484014,-0.08813525,0,0,0,0,0,0,0,1,17.70003,0.9107832,0,-2.267256,2.267258,0,0.9107816,-0.9960207,0,-0.08912219,0.08991128,0,-0.9959498,null
0.9,1,11.15436,0,1,0,0.9108126,0.5908047,-2.267245,-0.9849846,0.1484611,-0.08812106,0,0,0,0,0,0,0,1,17.80003,0.9108126,0,-2.267245,2.267247,0,0.9108111,-0.9960219,0,-0.08910882,0.08989792,0,-0.995951,null
0.9,1,11.17019,0,1,0,0.9108008,0.5907992,-2.267246,-0.9849598,0.1486635,-0.08805598,0,0,0,0,0,0,0,1,17.90003,0.9108008,0,-2.267246,2.267248,0,0.9107993,-0.9960275,0,-0.08904561,0.0898347,0,-0.9959567,null
0.9,1,11.17878,0,1,0,0.910916,0.5907897,-2.267233,-0.9849779,0.1484822,-0.08816091,0,0,0,0,0,0,0,1,18.00003,0.910916,0,-2.267233,2.267234,0,0.9109144,-0.9960183,0,-0.08914951,0.0899386,0,-0.9959474,null
0.9,1,11.18843,0,1,0,0.9109331,0.5907951,-2.267225,-0.9849937,0.1483312,-0.08823655,0,0,0,0,0,0,0,1,18.10003,0.9109331,0,-2.267225,2.267227,0,0.9109316,-0.9960116,0,-0.08922371,0.09001279,0,-0.9959406,null
0.9,1,11.19921,0,1,0,0.9109532,0.5908039,-2.267244,-0.9850068,0.1483548,-0.08805063,0,0,0,0,0,0,0,1,18.20003,0.9109532,0,-2.267244,2.267246,0,0.9109516,-0.9960284,0,-0.08903607,0.08982515,0,-0.9959575,null
0.9,1,11.2097,0,1,0,0.9109847,0.5907716,-2.267247,-0.9849817,0.1485432,-0.08801505,0,0,0,0,0,0,0,1,18.30003,0.9109847,0,-2.267248,2.267249,0,0.9109831,-0.9960313,0,-0.08900271,0.08979181,0,-0.9959605,null
0.9,1,11.22106,0,1,0,0.9109336,0.5908148,-2.267262,-0.9849751,0.1486241,-0.08795036,0,0,0,0,0,0,0,1,18.40003,0.9109336,0,-2.267262,2.267264,0,0.9109321,-0.9960372,0,-0.08893825,0.08972733,0,-0.9959663,null
0.9,1,11.23233,0,1,0,0.9109437,0.5908134,-2.267225,-0.9849486,0.1485772,-0.08832802,0,0,0,0,0,0,0,1,18.50003,0.9109437,0,-2.267225,2.267227,0,0.9109421,-0.996003,0,-0.08931968,0.09010875,0,-0.995932,null
0.9,1,11.24851,0,1,0,0.9109828,0.5907807,-2.267242,-0.9850203,0.1484341,-0.08776662,0,0,0,0,0,0,0,1,18.60003,0.910983,0,-2.267242,2.267244,0,0.9109814,-0.9960416,0,-0.08888783,0.08967694,0,-0.9959709,null
0.9,1,16.19771,0,1,0,0.9109824,0.5906731,-2.267223,-0.9851375,0.1485752,-0.08619582,0,0,0,0,0,0,0,1,18.70004,0.9109824,0,-2.267223,2.267223,0,0.9109808,-0.996194,0,-0.08716343,0.08978525,0,-0.9959611,null
0.9,1,16.21514,0,1,0,0.9109872,0.590654,-2.267227,-0.9851417,0.1485593,-0.0861769,0,0,0,0,0,0,0,1,18.80004,0.9109873,0,-2.267228,2.267227,0,0.9109856,-0.9961957,0,-0.08714389,0.08976572,0,-0.9959629,null
0.9,1,16.23824,0,1,0,0.9109079,0.5906574,-2.267267,-0.9851177,0.1487312,-0.08615325,0,0,0,0,0,0,0,1,18.90004,0.9109077,0,-2.267267,2.267266,0,0.9109062,-0.9961976,0,-0.08712234,0.08974417,0,-0.9959648,null
0.9,1,16.25693,0,1,0,0.9108121,0.5906954,-2.267271,-0.9851308,0.1486309,-0.08617699,0,0,0,0,0,0,0,1,19.00004,0.9108121,0,-2.267271,2.267271,0,0.9108105,-0.9961956,0,-0.08714505,0.08976687,0,-0.9959628,null
0.9,1,16.26845,0,1,0,0.9108139,0.5907058,-2.267262,-0.9851117,0.1487429,-0.08620106,0,0,0,0,0,0,0,1,19.10004,0.9108137,0,-2.267262,2.267262,0,0.9108121,-0.9961934,0,-0.08717071,0.08979253,0,-0.9959605,null
0.9,1,16.27954,0,1,0,0.9107075,0.5907621,-2.267306,-0.9851494,0.1485608,-0.08608481,0,0,0,0,0,0,0,1,19.20004,0.9107075,0,-2.267306,2.267307,0,0.910706,-0.9962038,0,-0.08705082,0.08967267,0,-0.9959713,null
0.9,1,16.29588,0,1,0,0.910699,0.5907412,-2.267287,-0.9851186,0.1486583,-0.08626857,0,0,0,0,0,0,0,1,19.30004,0.9106989,0,-2.267287,2.267288,0,0.9106973,-0.9961875,0,-0.08723796,0.08985977,0,-0.9959545,null
0.9,1,16.31174,0,1,0,0.9106197,0.5907599,-2.267298,-0.9851164,0.1486679,-0.08627772,0,0,0,0,0,0,0,1,19.40004,0.9106197,0,-2.267298,2.267298,0,0.9106182,-0.9961867,0,-0.08724735,0.08986915,0,-0.9959536,null
0.9,1,16.32438,0,1,0,0.9106411,0.5907519,-2.267288,-0.9851362,0.1485098,-0.08632404,0,0,0,0,0,0,0,1,19.50004,0.910641,0,-2.267288,2.267288,0,0.9106395,-0.9961827,0,-0.0872921,0.0899139,0,-0.9959496,null
0.9,1,16.33503,0,1,0,0.9106894,0.5907501,-2.26733,-0.9851237,0.1486456,-0.0862308,0,0,0,0,0,0,0,1,19.60004,0.9106894,0,-2.26733,2.26733,0,0.910688,-0.9961908,0,-0.08719958,0.0898214,0,-0.9959579,null
0.9,1,16.34421,0,1,0,0.9107441,0.5907166,-2.267309,-0.9851156,0.1486243,-0.08636241,0,0,0,0,0,0,0,1,19.70004,0.9107441,0,-2.267309,2.267309,0,0.9107426,-0.9961792,0,-0.08733233,0.08995412,0,-0.9959459,null
0.9,1,16.35347,0,1,0,0.9108034,0.5907136,-2.267314,-0.9851277,0.148558,-0.08633829,0,0,0,0,0,0,0,1,19.80004,0.9107441,0,-2.267309,2.267309,0,0.9107426,-0.9961792,0,-0.08733233,0.08995412,0,-0.9959459,null
0.9,1,16.36237,0,1,0,0.9108062,0.5906819,-2.267297,-0.9850435,0.1488796,-0.08674348,0,0,0,0,0,0,0,1,19.90004,0.9108062,0,-2.267297,2.267297,0,0.9108047,-0.9961602,0,-0.08754909,0.09017082,0,-0.9959263,null
0.9,1,16.37629,0,1,0,0.9108532,0.5906976,-2.267285,-0.9850556,0.1487723,-0.08678804,0,0,0,0,0,0,0,1,20.00004,0.9108533,0,-2.267285,2.267285,0,0.9108517,-0.9961413,0,-0.08776473,0.09021449,0,-0.9959224,null
0.9,1,16.38552,0,1,0,0.9108782,0.5906788,-2.267314,-0.9850723,0.1488196,-0.08651921,0,0,0,0,0,0,0,1,20.10004,0.9108533,0,-2.267285,2.267285,0,0.9108517,-0.9961413,0,-0.08776473,0.09021449,0,-0.9959224,null
0.9,1,16.39378,0,1,0,0.9108549,0.5906845,-2.267327,-0.9850939,0.1488547,-0.08621222,0,0,0,0,0,0,0,1,20.20004,0.9108548,0,-2.267327,2.267326,0,0.9108534,-0.9961771,0,-0.0873556,0.08980546,0,-0.9959593,null
0.9,1,16.4027,0,1,0,0.9108958,0.5907071,-2.267321,-0.9851474,0.1484534,-0.08629401,0,0,0,0,0,0,0,1,20.30004,0.9108958,0,-2.267321,2.267321,0,0.9108943,-0.9961855,0,-0.08726106,0.08988286,0,-0.9959524,null
0.9,1,16.41174,0,1,0,0.9109828,0.5906774,-2.267305,-0.985097,0.148728,-0.08639462,0,0,0,0,0,0,0,1,20.40004,0.9109828,0,-2.267305,2.267305,0,0.9109813,-0.9961763,0,-0.08736636,0.08998814,0,-0.9959429,null
0.9,1,16.4218,0,1,0,0.911007,0.5906739,-2.26729,-0.985119,0.1485533,-0.08644579,0,0,0,0,0,0,0,1,20.50004,0.911007,0,-2.26729,2.26729,0,0.9110054,-0.9961719,0,-0.08741587,0.09003763,0,-0.9959384,null
0.9,1,16.43124,0,1,0,0.9110292,0.5906971,-2.267283,-0.9851,0.1487435,-0.08633453,0,0,0,0,0,0,0,1,20.60004,0.911007,0,-2.26729,2.26729,0,0.9110054,-0.9961719,0,-0.08741587,0.09003763,0,-0.9959384,null
0.9,1,16.4479,0,1,0,0.9110202,0.5906769,-2.267246,-0.9850647,0.1488664,-0.0865233,0,0,0,0,0,0,0,1,20.70004,0.9110203,0,-2.267246,2.267245,0,0.9110186,-0.9961647,0,-0.08749822,0.09011996,0,-0.9959309,null
0.9,1,16.4568,0,1,0,0.911042,0.5907025,-2.267236,-0.9851219,0.1485291,-0.08645436,0,0,0,0,0,0,0,1,20.80004,0.9110421,0,-2.267236,2.267236,0,0.9110404,-0.9961712,0,-0.08742412,0.09004588,0,-0.9959376,null
0.9,1,16.4657,0,1,0,0.9110625,0.5906519,-2.267245,-0.9851094,0.1488876,-0.08597697,0,0,0,0,0,0,0,1,20.90004,0.9110627,0,-2.267244,2.267244,0,0.911061,-0.996198,0,-0.08711811,0.08973994,0,-0.9959652,null
0.9,1,16.47532,0,1,0,0.911087,0.5906544,-2.267212,-0.9851195,0.1487234,-0.08614744,0,0,0,0,0,0,0,1,21.00004,0.9110627,0,-2.267244,2.267244,0,0.911061,-0.996198,0,-0.08711811,0.08973994,0,-0.9959652,null
0.9,1,16.48688,0,1,0,0.9110347,0.5906601,-2.267218,-0.9850855,0.1489558,-0.08613447,0,0,0,0,0,0,0,1,21.10004,0.9110346,0,-2.267218,2.267218,0,0.9110332,-0.996199,0,-0.08710646,0.08990034,0,-0.9959508,null
0.9,1,16.49769,0,1,0,0.9110618,0.5906644,-2.267214,-0.9851245,0.1487591,-0.08602744,0,0,0,0,0,0,0,1,21.20004,0.9110617,0,-2.267215,2.267214,0,0.9110602,-0.9962087,0,-0.08699563,0.08978953,0,-0.9959608,null
0.9,1,16.50841,0,1,0,0.9110557,0.5906949,-2.267192,-0.9851,0.1488156,-0.08621083,0,0,0,0,0,0,0,1,21.30005,0.9110558,0,-2.267192,2.267191,0,0.9110543,-0.9961925,0,-0.08718167,0.08997551,0,-0.995944,null
0.9,1,16.51974,0,1,0,0.9110121,0.5906959,-2.267206,-0.9851161,0.1488308,-0.08600099,0,0,0,0,0,0,0,1,21.40005,0.9110119,0,-2.267205,2.267205,0,0.9110104,-0.9962109,0,-0.08696976,0.08976366,0,-0.995963,null
0.9,1,16.53797,0,1,0,0.9110267,0.5906838,-2.267189,-0.9850864,0.1490081,-0.08603348,0,0,0,0,0,0,0,1,21.50005,0.9110268,0,-2.267188,2.267188,0,0.9110252,-0.9962079,0,-0.08700507,0.08979896,0,-0.9959599,null
0.9,1,16.55776,0,1,0,0.9110869,0.5906817,-2.26718,-0.9851091,0.1487186,-0.08627447,0,0,0,0,0,0,0,1,21.60005,0.911087,0,-2.267181,2.26718,0,0.9110854,-0.9961869,0,-0.08724494,0.09003878,0,-0.9959382,null
0.9,1,16.56819,0,1,0,0.9111003,0.5906712,-2.267184,-0.9851089,0.148847,-0.08605513,0,0,0,0,0,0,0,1,21.70005,0.9111003,0,-2.267184,2.267183,0,0.9110987,-0.9962062,0,-0.08702483,0.08981872,0,-0.9959581,null
0.9,1,16.57823,0,1,0,0.9111507,0.59067,-2.267221,-0.9851084,0.1488068,-0.08612899,0,0,0,0,0,0,0,1,21.80005,0.9111506,0,-2.267221,2.26722,0,0.9111491,-0.9961997,0,-0.08709884,0.08989272,0,-0.9959514,null
0.9,1,16.58747,0,1,0,0.9111719,0.5906467,-2.267201,-0.9850878,0.1488707,-0.08625382,0,0,0,0,0,0,0,1,21.90005,0.911172,0,-2.267201,2.2672,0,0.9111705,-0.9961885,0,-0.08722597,0.09001981,0,-0.99594,null
0.9,1,16.59581,0,1,0,0.9111796,0.5906265,-2.26723,-0.9851263,0.1487668,-0.0859946,0,0,0,0,0,0,0,1,22.00005,0.911172,0,-2.267201,2.2672,0,0.9111705,-0.9961885,0,-0.08722597,0.09001981,0,-0.99594,null
0.9,1,16.60561,0,1,0,0.9111837,0.5906042,-2.267197,-0.9850839,0.1488544,-0.08632556,0,0,0,0,0,0,0,1,22.10005,0.9111838,0,-2.267197,2.267196,0,0.9111823,-0.9961822,0,-0.08729834,0.09009217,0,-0.9959335,null
0.9,1,16.61945,0,1,0,0.9111523,0.5906006,-2.267232,-0.9850916,0.1488889,-0.08617865,0,0,0,0,0,0,0,1,22.20005,0.9111522,0,-2.267232,2.267231,0,0.9111508,-0.9961952,0,-0.08715013,0.08994399,0,-0.9959469,null
0.9,1,16.62817,0,1,0,0.9111277,0.5906258,-2.267255,-0.9851405,0.1486427,-0.08604538,0,0,0,0,0,0,0,1,22.30005,0.9111277,0,-2.267255,2.267254,0,0.9111263,-0.9962072,0,-0.08701213,0.08980603,0,-0.9959592,null
0.9,1,16.63732,0,1,0,0.9111611,0.5905926,-2.267235,-0.9851049,0.1488035,-0.08617587,0,0,0,0,0,0,0,1,22.40005,0.9111611,0,-2.267235,2.267234,0,0.9111596,-0.9961955,0,-0.08714635,0.08994021,0,-0.9959472,null
0.9,1,16.64638,0,1,0,0.9110702,0.5906291,-2.267252,-0.9851217,0.1487636,-0.08605221,0,0,0,0,0,0,0,1,22.50005,0.9110702,0,-2.267252,2.267252,0,0.9110688,-0.9962065,0,-0.08702063,0.08981453,0,-0.9959586,null
0.9,1,16.65924,0,1,0,0.911074,0.5906082,-2.267227,-0.9850849,0.1488574,-0.08631095,0,0,0,0,0,0,0,1,22.60005,0.911074,0,-2.267227,2.267226,0,0.9110725,-0.9961835,0,-0.08728357,0.0900774,0,-0.9959347,null
0.9,1,16.66839,0,1,0,0.9112089,0.5905875,-2.267207,-0.9851088,0.1487073,-0.08629723,0,0,0,0,0,0,0,1,22.70005,0.9112088,0,-2.267207,2.267206,0,0.9112073,-0.9961849,0,-0.08726777,0.0900616,0,-0.9959362,null
0.9,1,16.6768,0,1,0,0.9112326,0.5905671,-2.267201,-0.9850946,0.1487271,-0.08642391,0,0,0,0,0,0,0,1,22.80005,0.9112327,0,-2.267201,2.2672,0,0.9112312,-0.9961736,0,-0.08739596,0.09018976,0,-0.9959247,null
0.9,1,16.69229,0,1,0,0.9113162,0.5905445,-2.267209,-0.9851035,0.1487629,-0.08626094,0,0,0,0,0,0,0,1,22.90005,0.911316,0,-2.267209,2.267207,0,0.9113145,-0.996188,0,-0.08723185,0.0900257,0,-0.9959394,null
0.9,1,16.70086,0,1,0,0.9113187,0.5905365,-2.267221,-0.985107,0.1488416,-0.08608653,0,0,0,0,0,0,0,1,23.00005,0.9113187,0,-2.267221,2.267219,0,0.9113172,-0.9962034,0,-0.08705632,0.0898502,0,-0.9959553,null
0.9,1,16.7093,0,1,0,0.9112822,0.5905993,-2.267216,-0.9851061,0.1487503,-0.08625319,0,0,0,0,0,0,0,1,23.10005,0.9112822,0,-2.267216,2.267215,0,0.9112807,-0.9961888,0,-0.0872238,0.09001764,0,-0.9959401,null
0.9,1,16.71985,0,1,0,0.9111968,0.5906181,-2.26724,-0.9850692,0.1489422,-0.08634295,0,0,0,0,0,0,0,1,23.20005,0.9112822,0,-2.267216,2.267215,0,0.9112807,-0.9961888,0,-0.0872238,0.09001764,0,-0.9959401,null
0.9,1,16.73051,0,1,0,0.9112293,0.5906202,-2.267252,-0.9851032,0.1488177,-0.0861718,0,0,0,0,0,0,0,1,23.30005,0.9112293,0,-2.267252,2.267251,0,0.9112278,-0.9961959,0,-0.08714239,0.08993626,0,-0.9959475,null
0.9,1,16.7453,0,1,0,0.9111361,0.5906832,-2.267234,-0.9851181,0.1486945,-0.08621287,0,0,0,0,0,0,0,1,23.40005,0.911136,0,-2.267234,2.267233,0,0.9111345,-0.9961924,0,-0.08718232,0.08997617,0,-0.9959439,null
0.9,1,16.75472,0,1,0,0.9111571,0.5906715,-2.267226,-0.9851268,0.1486151,-0.08625136,0,0,0,0,0,0,0,1,23.50005,0.9111571,0,-2.267226,2.267225,0,0.9111556,-0.9961891,0,-0.08722021,0.09001406,0,-0.9959404,null
0.9,1,16.77012,0,1,0,0.9110798,0.5906501,-2.267226,-0.9850895,0.1488356,-0.08629623,0,0,0,0,0,0,0,1,23.60005,0.9110798,0,-2.267226,2.267226,0,0.9110783,-0.9961848,0,-0.08726855,0.09006237,0,-0.9959361,null
0.9,1,16.77858,0,1,0,0.9110983,0.5906348,-2.267222,-0.9850845,0.1488313,-0.08636057,0,0,0,0,0,0,0,1,23.70005,0.9110982,0,-2.267222,2.267221,0,0.9110968,-0.9961791,0,-0.08733348,0.09012729,0,-0.9959302,null
0.9,1,16.78701,0,1,0,0.9109917,0.5906811,-2.26724,-0.9850982,0.1487871,-0.0862796,0,0,0,0,0,0,0,1,23.80005,0.9109917,0,-2.26724,2.267239,0,0.9109902,-0.9961864,0,-0.0872509,0.09004474,0,-0.9959378,null
0.9,1,16.7973,0,1,0,0.9109335,0.5907152,-2.267252,-0.9851285,0.148587,-0.08627806,0,0,0,0,0,0,0,1,23.90005,0.9109917,0,-2.26724,2.267239,0,0.9109902,-0.9961864,0,-0.0872509,0.09004474,0,-0.9959378,null
0.9,1,16.8092,0,1,0,0.9109503,0.5906863,-2.267242,-0.9850911,0.1488309,-0.08628365,0,0,0,0,0,0,0,1,24.00006,0.9109503,0,-2.267242,2.267241,0,0.9109489,-0.9961859,0,-0.08725572,0.09004956,0,-0.9959373,null
0.9,1,16.81988,0,1,0,0.9110033,0.5906903,-2.267243,-0.9851093,0.148739,-0.08623534,0,0,0,0,0,0,0,1,24.10006,0.9109503,0,-2.267242,2.267241,0,0.9109489,-0.9961859,0,-0.08725572,0.09004956,0,-0.9959373,null
0.9,1,16.83085,0,1,0,0.911012,0.5906873,-2.267254,-0.9851515,0.1486542,-0.08590117,0,0,0,0,0,0,0,1,24.20006,0.9110123,0,-2.267254,2.267253,0,0.9110109,-0.996205,0,-0.08703869,0.08983257,0,-0.9959568,null
0.9,1,16.84241,0,1,0,0.9110142,0.5906626,-2.267244,-0.9851345,0.1487021,-0.08601043,0,0,0,0,0,0,0,1,24.30006,0.9110141,0,-2.267244,2.267243,0,0.9110129,-0.9962103,0,-0.0869776,0.08994354,0,-0.9959468,null
0.9,1,16.85575,0,1,0,0.9110323,0.5906519,-2.267245,-0.9851202,0.1487852,-0.08603085,0,0,0,0,0,0,0,1,24.40006,0.9110322,0,-2.267245,2.267245,0,0.911031,-0.9962084,0,-0.08699945,0.08996538,0,-0.9959449,null
0.9,1,16.86647,0,1,0,0.9110529,0.5906638,-2.267266,-0.9851415,0.148685,-0.08596069,0,0,0,0,0,0,0,1,24.50006,0.9110528,0,-2.267266,2.267265,0,0.9110517,-0.9962147,0,-0.08692708,0.08989303,0,-0.9959514,null
0.9,1,16.87512,0,1,0,0.9110699,0.5906577,-2.267246,-0.9851222,0.148656,-0.08623284,0,0,0,0,0,0,0,1,24.60006,0.9110528,0,-2.267266,2.267265,0,0.9110517,-0.9962147,0,-0.08692708,0.08989303,0,-0.9959514,null
0.9,1,21.84188,0,1,0,0.9097115,0.5913651,-2.267568,-0.9851692,0.1483585,-0.08620941,0,0,0,0,0,0,0,1,24.70006,0.9097355,0,-2.267547,2.267551,0,0.9097356,-0.9961801,0,-0.08732232,0.09032272,0,-0.9959125,null
0.9,1,21.8653,0,1,0,0.9096687,0.5913484,-2.267548,-0.9851382,0.1485739,-0.08619086,0,0,0,0,0,0,0,1,24.80006,0.9096688,0,-2.267548,2.267552,0,0.9096689,-0.9961945,0,-0.0871582,0.09015865,0,-0.9959275,null
0.9,1,21.87498,0,1,0,0.9096608,0.591397,-2.267555,-0.985186,0.1482772,-0.08615655,0,0,0,0,0,0,0,1,24.90006,0.9096688,0,-2.267548,2.267552,0,0.9096689,-0.9961945,0,-0.0871582,0.09015865,0,-0.9959275,null
0.9,1,21.88433,0,1,0,0.9096346,0.5913765,-2.267537,-0.9851389,0.1484745,-0.0863542,0,0,0,0,0,0,0,1,25.00006,0.9096347,0,-2.267537,2.267541,0,0.9096348,-0.9961801,0,-0.08732217,0.09032257,0,-0.9959126,null
0.9,1,21.90348,0,1,0,0.9095524,0.5914022,-2.267556,-0.9851435,0.1484829,-0.08628725,0,0,0,0,0,0,0,1,25.10006,0.9095525,0,-2.267556,2.26756,0,0.9095526,-0.9961861,0,-0.08725459,0.09025501,0,-0.9959187,null
0.9,1,21.92045,0,1,0,0.9095349,0.5914377,-2.267567,-0.9851545,0.1484184,-0.08627087,0,0,0,0,0,0,0,1,25.20006,0.9095348,0,-2.267566,2.26757,0,0.909535,-0.9961876,0,-0.08723701,0.09023742,0,-0.9959203,null
0.9,1,21.94506,0,1,0,0.9095375,0.5914311,-2.267545,-0.9851477,0.1483077,-0.08653911,0,0,0,0,0,0,0,1,25.30006,0.9095376,0,-2.267545,2.267549,0,0.9095377,-0.9961639,0,-0.08750679,0.09050714,0,-0.9958959,null
0.9,1,21.95705,0,1,0,0.9095665,0.5914048,-2.267539,-0.9851764,0.1482907,-0.08624098,0,0,0,0,0,0,0,1,25.40006,0.9095666,0,-2.267539,2.267543,0,0.9095666,-0.9961904,0,-0.08720522,0.09020564,0,-0.9959231,null
0.9,1,21.96844,0,1,0,0.9096017,0.5914124,-2.267515,-0.9851487,0.1484787,-0.08623572,0,0,0,0,0,0,0,1,25.50006,0.9096017,0,-2.267515,2.267519,0,0.9096017,-0.9961907,0,-0.08720225,0.09020268,0,-0.9959234,null
0.9,1,21.98786,0,1,0,0.909589,0.5914452,-2.267501,-0.985158,0.1483365,-0.08637461,0,0,0,0,0,0,0,1,25.60006,0.9095889,0,-2.267501,2.267505,0,0.9095889,-0.9961785,0,-0.08734109,0.09034148,0,-0.9959108,null
0.9,1,22.00574,0,1,0,0.9095297,0.5914463,-2.267496,-0.9851809,0.1482697,-0.08622752,0,0,0,0,0,0,0,1,25.70006,0.9095297,0,-2.267496,2.2675,0,0.9095296,-0.9961916,0,-0.0871914,0.09019183,0,-0.9959244,null
0.9,1,22.01481,0,1,0,0.9094321,0.5914359,-2.267528,-0.9851487,0.1484059,-0.08636074,0,0,0,0,0,0,0,1,25.80006,0.9094322,0,-2.267528,2.267532,0,0.9094322,-0.9961796,0,-0.08732783,0.09032822,0,-0.995912,null
0.9,1,22.02476,0,1,0,0.9095258,0.5914077,-2.267538,-0.9851824,0.1482732,-0.08620197,0,0,0,0,0,0,0,1,25.90006,0.9095259,0,-2.267538,2.267542,0,0.9095259,-0.9961938,0,-0.08716561,0.09016605,0,-0.9959268,null
0.9,1,22.03593,0,1,0,0.9095197,0.5914076,-2.267558,-0.9852014,0.1482678,-0.08599593,0,0,0,0,0,0,0,1,26.00006,0.9095196,0,-2.267558,2.267562,0,0.9095197,-0.9962121,0,-0.08695705,0.08995754,0,-0.9959456,null
0.9,1,22.04521,0,1,0,0.9096048,0.5913464,-2.26757,-0.9851768,0.1483344,-0.08616281,0,0,0,0,0,0,0,1,26.10006,0.9096047,0,-2.26757,2.267574,0,0.9096049,-0.9961972,0,-0.08712678,0.09012723,0,-0.9959303,null
0.9,1,22.05457,0,1,0,0.9095892,0.5913455,-2.267588,-0.9851868,0.1483301,-0.08605523,0,0,0,0,0,0,0,1,26.20006,0.9095892,0,-2.267588,2.267592,0,0.9095894,-0.9962068,0,-0.08701798,0.09001846,0,-0.9959401,null
0.9,1,22.06347,0,1,0,0.9095145,0.5913814,-2.267582,-0.9851776,0.1481959,-0.0863917,0,0,0,0,0,0,0,1,26.30006,0.9095892,0,-2.267588,2.267592,0,0.9095894,-0.9962068,0,-0.08701798,0.09001846,0,-0.9959401,null
0.9,1,22.07223,0,1,0,0.9095003,0.5913812,-2.267604,-0.9851754,0.1483509,-0.08614944,0,0,0,0,0,0,0,1,26.40006,0.9095003,0,-2.267604,2.267609,0,0.9095006,-0.9961984,0,-0.08711334,0.09011379,0,-0.9959314,null
0.9,1,22.08098,0,1,0,0.9095848,0.5913628,-2.267543,-0.9852062,0.1481277,-0.08618215,0,0,0,0,0,0,0,1,26.50006,0.9095849,0,-2.267543,2.267547,0,0.909585,-0.9961958,0,-0.08714356,0.090144,0,-0.9959287,null
0.9,1,22.09583,0,1,0,0.9095592,0.5913495,-2.267548,-0.9852,0.1482542,-0.08603251,0,0,0,0,0,0,0,1,26.60007,0.9095594,0,-2.267548,2.267552,0,0.9095595,-0.9962088,0,-0.08699387,0.08999435,0,-0.9959422,null
0.9,1,22.105,0,1,0,0.9095296,0.5913606,-2.267545,-0.9851952,0.1481823,-0.08621302,0,0,0,0,0,0,0,1,26.70007,0.9095297,0,-2.267545,2.267549,0,0.9095298,-0.996193,0,-0.08717547,0.0901759,0,-0.9959258,null
0.9,1,22.11355,0,1,0,0.9095437,0.5913541,-2.267582,-0.9852161,0.148176,-0.08598526,0,0,0,0,0,0,0,1,26.80007,0.9095436,0,-2.267582,2.267586,0,0.9095438,-0.9962131,0,-0.08694519,0.08994569,0,-0.9959466,null
0.9,1,22.12271,0,1,0,0.9095128,0.5913478,-2.267578,-0.9851761,0.1482747,-0.08627333,0,0,0,0,0,0,0,1,26.90007,0.9095127,0,-2.267578,2.267582,0,0.9095129,-0.9961875,0,-0.08723769,0.09023812,0,-0.9959202,null
0.9,1,22.1321,0,1,0,0.9095162,0.5913262,-2.267604,-0.9851865,0.1483533,-0.08601866,0,0,0,0,0,0,0,1,27.00007,0.9095162,0,-2.267604,2.267608,0,0.9095165,-0.9962099,0,-0.08698121,0.0899817,0,-0.9959434,null
0.9,1,22.14218,0,1,0,0.9095141,0.5913515,-2.267608,-0.9852099,0.1480961,-0.08619367,0,0,0,0,0,0,0,1,27.10007,0.9095162,0,-2.267604,2.267608,0,0.9095165,-0.9962099,0,-0.08698121,0.0899817,0,-0.9959434,null
0.9,1,22.15084,0,1,0,0.9095634,0.5913083,-2.26757,-0.985163,0.1484196,-0.08617315,0,0,0,0,0,0,0,1,27.20007,0.9095633,0,-2.26757,2.267574,0,0.9095635,-0.9961962,0,-0.08713824,0.09013869,0,-0.9959292,null
0.9,1,22.16151,0,1,0,0.9095617,0.5913467,-2.267584,-0.9852423,0.1479848,-0.08601331,0,0,0,0,0,0,0,1,27.30007,0.9095616,0,-2.267584,2.267588,0,0.9095619,-0.9962108,0,-0.08697099,0.08997149,0,-0.9959444,null
0.9,1,22.17442,0,1,0,0.9095652,0.5913402,-2.26755,-0.9852034,0.1480884,-0.0862806,0,0,0,0,0,0,0,1,27.40007,0.9095653,0,-2.26755,2.267554,0,0.9095654,-0.9961871,0,-0.08724257,0.090243,0,-0.9959198,null
0.9,1,22.18393,0,1,0,0.909629,0.5912813,-2.267575,-0.9851787,0.1483128,-0.08617753,0,0,0,0,0,0,0,1,27.50007,0.9096292,0,-2.267575,2.267578,0,0.9096294,-0.996205,0,-0.08703814,0.09003861,0,-0.9959382,null
0.9,1,22.19434,0,1,0,0.9096174,0.5912768,-2.267574,-0.9851494,0.1484109,-0.08634321,0,0,0,0,0,0,0,1,27.60007,0.9096172,0,-2.267574,2.267577,0,0.9096177,-0.9961811,0,-0.08731022,0.09020757,0,-0.995923,null
0.9,1,22.20592,0,1,0,0.9095797,0.5913115,-2.267557,-0.985191,0.1482426,-0.0861574,0,0,0,0,0,0,0,1,27.70007,0.9095798,0,-2.267557,2.267561,0,0.9095802,-0.9961978,0,-0.08712019,0.09001759,0,-0.9959401,null
0.9,1,22.21747,0,1,0,0.9095606,0.5913051,-2.267565,-0.9851798,0.1483436,-0.08611076,0,0,0,0,0,0,0,1,27.80007,0.9095607,0,-2.267565,2.267569,0,0.9095611,-0.9962018,0,-0.08707429,0.0899717,0,-0.9959444,null
0.9,1,22.23009,0,1,0,0.9095089,0.5913408,-2.267566,-0.9851981,0.1482042,-0.08614169,0,0,0,0,0,0,0,1,27.90007,0.9095091,0,-2.267567,2.267571,0,0.9095094,-0.9961993,0,-0.08710349,0.09000089,0,-0.9959417,null
0.9,1,22.25166,0,1,0,0.9095117,0.5913524,-2.267581,-0.985207,0.148204,-0.08604132,0,0,0,0,0,0,0,1,28.00007,0.9095116,0,-2.267581,2.267585,0,0.909512,-0.9962081,0,-0.08700218,0.08989961,0,-0.9959508,null
0.9,1,22.26203,0,1,0,0.9095206,0.5913458,-2.267623,-0.9851734,0.1483895,-0.08610605,0,0,0,0,0,0,0,1,28.10007,0.9095206,0,-2.267623,2.267627,0,0.9095212,-0.9962022,0,-0.08707017,0.08996758,0,-0.9959447,null
0.9,1,22.27116,0,1,0,0.9095009,0.5913482,-2.267607,-0.9851647,0.1483498,-0.08627343,0,0,0,0,0,0,0,1,28.20007,0.9095009,0,-2.267607,2.267612,0,0.9095014,-0.9961874,0,-0.08723889,0.09013626,0,-0.9959295,null
0.9,1,22.28209,0,1,0,0.9095867,0.5913281,-2.267603,-0.9851953,0.1481497,-0.08626915,0,0,0,0,0,0,0,1,28.30007,0.9095867,0,-2.267603,2.267607,0,0.9095872,-0.996188,0,-0.0872319,0.09012927,0,-0.99593,null
0.9,1,22.2901,0,1,0,0.9096791,0.5912814,-2.267552,-0.9851759,0.1482737,-0.08627557,0,0,0,0,0,0,0,1,28.40007,0.9096792,0,-2.267552,2.267555,0,0.9096795,-0.9961873,0,-0.08723988,0.09013724,0,-0.9959293,null
0.9,1,22.29866,0,1,0,0.9096895,0.5913192,-2.267571,-0.9852328,0.1479952,-0.0861047,0,0,0,0,0,0,0,1,28.50007,0.9096894,0,-2.267571,2.267575,0,0.9096898,-0.9962027,0,-0.08706357,0.08996098,0,-0.9959453,null
0.9,1,22.31071,0,1,0,0.9097324,0.5912589,-2.267523,-0.9851652,0.1483873,-0.08620457,0,0,0,0,0,0,0,1,28.60007,0.9097324,0,-2.267523,2.267526,0,0.9097326,-0.9961935,0,-0.08716983,0.09006722,0,-0.9959357,null
0.9,1,22.32488,0,1,0,0.9097114,0.5912626,-2.26752,-0.9851583,0.1483914,-0.08627707,0,0,0,0,0,0,0,1,28.70007,0.9097114,0,-2.26752,2.267524,0,0.9097116,-0.996187,0,-0.0872433,0.09014066,0,-0.995929,null
0.9,1,22.33315,0,1,0,0.9098006,0.5912252,-2.26747,-0.9851847,0.1482601,-0.08619947,0,0,0,0,0,0,0,1,28.80007,0.9098007,0,-2.26747,2.267473,0,0.9098008,-0.9961941,0,-0.08716282,0.0900602,0,-0.9959363,null
0.9,1,22.34135,0,1,0,0.909794,0.5912113,-2.26748,-0.985161,0.1484427,-0.08615541,0,0,0,0,0,0,0,1,28.90007,0.9098007,0,-2.26747,2.267473,0,0.9098008,-0.9961941,0,-0.08716282,0.0900602,0,-0.9959363,null
0.9,1,22.34959,0,1,0,0.9098482,0.5911762,-2.267451,-0.9851708,0.148257,-0.08636307,0,0,0,0,0,0,0,1,29.00007,0.9098482,0,-2.267451,2.267454,0,0.9098482,-0.9961796,0,-0.08732823,0.09022558,0,-0.9959213,null
0.9,1,22.36158,0,1,0,0.9098455,0.5911942,-2.267492,-0.9851907,0.1482734,-0.08610729,0,0,0,0,0,0,0,1,29.10007,0.9098454,0,-2.267492,2.267495,0,0.9098455,-0.9962022,0,-0.08706985,0.08996726,0,-0.9959447,null
0.9,1,22.3724,0,1,0,0.9099048,0.591148,-2.267478,-0.9851717,0.1483793,-0.08614356,0,0,0,0,0,0,0,1,29.20008,0.9099049,0,-2.267478,2.267481,0,0.909905,-0.9961989,0,-0.08710805,0.09000545,0,-0.9959412,null
0.9,1,22.3839,0,1,0,0.9099395,0.5911301,-2.267459,-0.9851924,0.1482286,-0.08616355,0,0,0,0,0,0,0,1,29.30008,0.9099396,0,-2.267459,2.267462,0,0.9099396,-0.9961973,0,-0.08712609,0.0900235,0,-0.9959397,null
0.9,1,22.39463,0,1,0,0.909929,0.5911072,-2.267444,-0.985153,0.1484387,-0.08625317,0,0,0,0,0,0,0,1,29.40008,0.909929,0,-2.267443,2.267446,0,0.909929,-0.9961891,0,-0.08721947,0.09011684,0,-0.9959311,null
0.9,1,22.41244,0,1,0,0.9099736,0.5911385,-2.267459,-0.985178,0.1482724,-0.0862557,0,0,0,0,0,0,0,1,29.50008,0.9099737,0,-2.267459,2.267462,0,0.9099737,-0.9961891,0,-0.08721996,0.09011734,0,-0.9959312,null
0.9,1,22.42843,0,1,0,0.9099864,0.5911312,-2.267457,-0.9851567,0.1483758,-0.08631989,0,0,0,0,0,0,0,1,29.60008,0.9099864,0,-2.267457,2.26746,0,0.9099865,-0.9961833,0,-0.08728629,0.09018365,0,-0.9959251,null
0.9,1,22.43948,0,1,0,0.9099811,0.5911198,-2.267491,-0.9851577,0.1484063,-0.0862558,0,0,0,0,0,0,0,1,29.70008,0.909981,0,-2.267491,2.267494,0,0.9099812,-0.9961889,0,-0.08722179,0.09011915,0,-0.995931,null
0.9,1,22.45166,0,1,0,0.9099845,0.5911297,-2.267488,-0.9851785,0.1482354,-0.08631344,0,0,0,0,0,0,0,1,29.80008,0.9099844,0,-2.267488,2.267491,0,0.9099846,-0.996184,0,-0.08727792,0.09017528,0,-0.995926,null
0.9,1,22.46145,0,1,0,0.9100337,0.5910881,-2.267487,-0.9851494,0.1484635,-0.08625262,0,0,0,0,0,0,0,1,29.90008,0.9100338,0,-2.267487,2.267489,0,0.9100339,-0.9961891,0,-0.0872194,0.09011677,0,-0.9959311,null
0.9,1,22.48653,0,1,0,0.9100969,0.5910925,-2.267465,-0.9851772,0.1482816,-0.08624702,0,0,0,0,0,0,0,1,30.00008,0.9100969,0,-2.267465,2.267467,0,0.910097,-0.9961898,0,-0.08721122,0.0901086,0,-0.995932,null
0.9,1,22.50623,0,1,0,0.9102259,0.5910467,-2.267437,-0.9851736,0.1483422,-0.08618581,0,0,0,0,0,0,0,1,30.10008,0.9102259,0,-2.267437,2.26744,0,0.9102259,-0.9961952,0,-0.08715028,0.09004767,0,-0.9959374,null
0.9,1,22.51647,0,1,0,0.9102166,0.5910233,-2.267442,-0.9851266,0.1486423,-0.08620594,0,0,0,0,0,0,0,1,30.20008,0.9102166,0,-2.267442,2.267444,0,0.9102166,-0.9961931,0,-0.08717451,0.0900719,0,-0.9959353,null
0.9,1,22.54427,0,1,0,0.9103577,0.5910056,-2.267411,-0.9851642,0.1483405,-0.08629666,0,0,0,0,0,0,0,1,30.30008,0.9103575,0,-2.267411,2.267413,0,0.9103575,-0.9961854,0,-0.08726232,0.09015968,0,-0.9959273,null
0.9,1,22.55545,0,1,0,0.9104906,0.5909719,-2.267401,-0.9851869,0.1482577,-0.08617874,0,0,0,0,0,0,0,1,30.40008,0.9104907,0,-2.267401,2.267403,0,0.9104906,-0.9961959,0,-0.08714181,0.0900392,0,-0.9959382,null
0.9,1,22.57512,0,1,0,0.9105152,0.5909609,-2.267385,-0.9851894,0.1482397,-0.08618058,0,0,0,0,0,0,0,1,30.50008,0.9105153,0,-2.267385,2.267386,0,0.9105151,-0.9961958,0,-0.08714349,0.09004088,0,-0.9959381,null
0.9,1,22.58732,0,1,0,0.9105105,0.5909743,-2.267386,-0.9852094,0.1481777,-0.0860584,0,0,0,0,0,0,0,1,30.60008,0.9105106,0,-2.267386,2.267388,0,0.9105105,-0.9962066,0,-0.08701915,0.08991656,0,-0.9959493,null
0.9,1,22.6025,0,1,0,0.9105843,0.5909273,-2.267343,-0.9851794,0.1483956,-0.08602729,0,0,0,0,0,0,0,1,30.70008,0.9105843,0,-2.267343,2.267344,0,0.910584,-0.9962091,0,-0.08699042,0.08988785,0,-0.995952,null
0.9,1,22.64115,0,1,0,0.9105737,0.5909342,-2.267313,-0.9851611,0.1483591,-0.08629879,0,0,0,0,0,0,0,1,30.80008,0.9105738,0,-2.267313,2.267314,0,0.9105734,-0.9961852,0,-0.08726468,0.09016204,0,-0.9959271,null
0.9,1,22.65813,0,1,0,0.9106849,0.5908556,-2.267301,-0.9851714,0.1483666,-0.08616702,0,0,0,0,0,0,0,1,30.90008,0.910685,0,-2.267301,2.267302,0,0.9106846,-0.9961968,0,-0.08713144,0.09002884,0,-0.9959392,null
0.9,1,22.66687,0,1,0,0.9107577,0.590837,-2.267304,-0.9851589,0.1483385,-0.08635985,0,0,0,0,0,0,0,1,31.00008,0.9107578,0,-2.267304,2.267304,0,0.9107574,-0.9961798,0,-0.08732606,0.0902234,0,-0.9959215,null
0.9,1,22.6753,0,1,0,0.9106383,0.5908582,-2.267314,-0.9851476,0.148531,-0.08615888,0,0,0,0,0,0,0,1,31.10008,0.9107578,0,-2.267304,2.267304,0,0.9107574,-0.9961798,0,-0.08732606,0.0902234,0,-0.9959215,null
0.9,1,22.68355,0,1,0,0.9106404,0.5908519,-2.267311,-0.9851555,0.1484748,-0.08616494,0,0,0,0,0,0,0,1,31.20008,0.9106404,0,-2.267311,2.267312,0,0.9106401,-0.9961969,0,-0.08713089,0.09002829,0,-0.9959393,null
0.9,1,22.69685,0,1,0,0.910688,0.5908316,-2.26732,-0.9851551,0.1484333,-0.0862397,0,0,0,0,0,0,0,1,31.30008,0.9106881,0,-2.26732,2.26732,0,0.9106877,-0.9961903,0,-0.08720578,0.09010316,0,-0.9959325,null
0.9,1,22.70612,0,1,0,0.9107033,0.5908287,-2.267268,-0.9851466,0.1484068,-0.08638368,0,0,0,0,0,0,0,1,31.40008,0.9107032,0,-2.267268,2.267269,0,0.9107028,-0.9961776,0,-0.08735125,0.09024859,0,-0.9959193,null
0.9,1,22.72976,0,1,0,0.9107805,0.590798,-2.26723,-0.9851692,0.1483592,-0.08620743,0,0,0,0,0,0,0,1,31.50008,0.9107806,0,-2.26723,2.267231,0,0.91078,-0.9961932,0,-0.08717223,0.09006962,0,-0.9959355,null
0.9,1,22.75121,0,1,0,0.910925,0.5907746,-2.267226,-0.9851691,0.1483411,-0.08623879,0,0,0,0,0,0,0,1,31.60008,0.9109251,0,-2.267226,2.267226,0,0.9109245,-0.9961905,0,-0.08720376,0.09010113,0,-0.9959326,null
0.9,1,22.77405,0,1,0,0.9109311,0.5907568,-2.267256,-0.985139,0.1485519,-0.08622065,0,0,0,0,0,0,0,1,31.70008,0.9109311,0,-2.267256,2.267256,0,0.9109305,-0.9961919,0,-0.08718807,0.09008545,0,-0.9959341,null
0.9,1,22.79501,0,1,0,0.9108961,0.5907432,-2.267282,-0.9851249,0.1486534,-0.08620636,0,0,0,0,0,0,0,1,31.80009,0.9108961,0,-2.267282,2.267282,0,0.9108956,-0.996193,0,-0.08717521,0.09007259,0,-0.9959353,null
0.9,1,31.26272,0,1,0,0.9102558,0.5909634,-2.267348,-0.9851363,0.1482103,-0.08683706,0,0,0,0,0,0,0,1,31.90009,0.9102558,0,-2.267348,2.26735,0,0.9102556,-0.9961374,0,-0.08780721,0.09032619,0,-0.9959123,null
0.9,1,31.28326,0,1,0,0.9102609,0.5909702,-2.267373,-0.9851536,0.1481321,-0.08677526,0,0,0,0,0,0,0,1,32.00008,0.9102609,0,-2.267373,2.267375,0,0.9102606,-0.996143,0,-0.0877438,0.09002203,0,-0.9959398,null
0.9,1,31.30197,0,1,0,0.9103372,0.5909495,-2.267362,-0.9851439,0.1480801,-0.08697242,0,0,0,0,0,0,0,1,32.10008,0.9103372,0,-2.267362,2.267364,0,0.9103369,-0.9961255,0,-0.08794234,0.09022053,0,-0.9959218,null
0.9,1,31.31137,0,1,0,0.9103197,0.5909462,-2.267352,-0.9851329,0.1481191,-0.08703078,0,0,0,0,0,0,0,1,32.20008,0.9103196,0,-2.267352,2.267354,0,0.9103193,-0.9961203,0,-0.08800182,0.09027998,0,-0.9959164,null
0.9,1,31.32139,0,1,0,0.9103081,0.5909452,-2.267388,-0.9851276,0.1482385,-0.08688726,0,0,0,0,0,0,0,1,32.30008,0.9103081,0,-2.267388,2.26739,0,0.9103078,-0.996133,0,-0.0878582,0.0901364,0,-0.9959295,null
0.9,1,31.34407,0,1,0,0.9103069,0.5909526,-2.267387,-0.9851507,0.1480998,-0.08686263,0,0,0,0,0,0,0,1,32.40008,0.910307,0,-2.267387,2.267389,0,0.9103067,-0.9961354,0,-0.08783152,0.09010971,0,-0.9959318,null
0.9,1,31.36285,0,1,0,0.9102453,0.5909789,-2.267412,-0.9851445,0.1481754,-0.08680545,0,0,0,0,0,0,0,1,32.50008,0.9102454,0,-2.267413,2.267415,0,0.9102452,-0.9961404,0,-0.08777479,0.09005299,0,-0.9959369,null
0.9,1,31.38077,0,1,0,0.910243,0.5909877,-2.267437,-0.985127,0.1482116,-0.08694106,0,0,0,0,0,0,0,1,32.60007,0.910243,0,-2.267437,2.267439,0,0.9102428,-0.9961283,0,-0.0879124,0.09019058,0,-0.9959245,null
0.9,1,31.39771,0,1,0,0.9103719,0.5909736,-2.267426,-0.9851287,0.1482033,-0.08693571,0,0,0,0,0,0,0,1,32.70007,0.9103718,0,-2.267426,2.267427,0,0.9103716,-0.9961287,0,-0.08790686,0.09018504,0,-0.995925,null
0.9,1,31.41971,0,1,0,0.9104794,0.5909557,-2.267442,-0.9851642,0.1480568,-0.08678443,0,0,0,0,0,0,0,1,32.80007,0.9104794,0,-2.267442,2.267444,0,0.9104792,-0.9961424,0,-0.08775192,0.09003013,0,-0.995939,null
0.9,1,31.437,0,1,0,0.9104632,0.5909644,-2.267435,-0.9851316,0.1482475,-0.08682601,0,0,0,0,0,0,0,1,32.90007,0.9104632,0,-2.267435,2.267437,0,0.910463,-0.9961385,0,-0.08779646,0.09007467,0,-0.995935,null
0.9,1,31.45604,0,1,0,0.9104354,0.59097,-2.267426,-0.9851166,0.148415,-0.08671076,0,0,0,0,0,0,0,1,33.00007,0.9104353,0,-2.267426,2.267427,0,0.9104351,-0.9961485,0,-0.0876822,0.08996043,0,-0.9959453,null
0.9,1,31.47424,0,1,0,0.9104866,0.5910075,-2.267384,-0.9851208,0.1483262,-0.08681503,0,0,0,0,0,0,0,1,33.10007,0.9104868,0,-2.267384,2.267386,0,0.9104865,-0.9961181,0,-0.08802721,0.09030537,0,-0.9959142,null
0.9,1,31.48922,0,1,0,0.9104334,0.5909882,-2.267351,-0.9851121,0.1485431,-0.08654333,0,0,0,0,0,0,0,1,33.20007,0.9104334,0,-2.267351,2.267352,0,0.9104331,-0.9961632,0,-0.08751445,0.0900335,0,-0.9959388,null
0.9,1,31.49933,0,1,0,0.9103999,0.5909756,-2.267354,-0.985139,0.1482857,-0.08667631,0,0,0,0,0,0,0,1,33.30006,0.9103999,0,-2.267354,2.267356,0,0.9103996,-0.9961517,0,-0.08764555,0.09016456,0,-0.9959269,null
0.9,1,31.51277,0,1,0,0.9102894,0.5910245,-2.267361,-0.9851186,0.1483198,-0.08685198,0,0,0,0,0,0,0,1,33.40006,0.9102894,0,-2.267361,2.267363,0,0.9102892,-0.9961361,0,-0.08782363,0.0903426,0,-0.9959107,null
0.9,1,31.53507,0,1,0,0.9102048,0.5910459,-2.26733,-0.9851491,0.1482796,-0.08657315,0,0,0,0,0,0,0,1,33.50006,0.9102048,0,-2.26733,2.267332,0,0.9102045,-0.9961609,0,-0.08754107,0.09006009,0,-0.9959363,null
0.9,1,31.55751,0,1,0,0.9101595,0.5910638,-2.267323,-0.9851307,0.1483089,-0.08673322,0,0,0,0,0,0,0,1,33.60006,0.9101594,0,-2.267323,2.267326,0,0.9101591,-0.9961466,0,-0.08770345,0.09022246,0,-0.9959217,null
0.9,1,31.57909,0,1,0,0.910151,0.5910341,-2.267374,-0.9851424,0.1483629,-0.08650829,0,0,0,0,0,0,0,1,33.70006,0.9101511,0,-2.267375,2.267377,0,0.9101509,-0.9961665,0,-0.08747685,0.08999591,0,-0.9959422,null
0.9,1,31.60177,0,1,0,0.9101666,0.5909912,-2.267377,-0.9851078,0.1483629,-0.08689929,0,0,0,0,0,0,0,1,33.80006,0.9101667,0,-2.267377,2.26738,0,0.9101665,-0.9961318,0,-0.08787216,0.09039111,0,-0.9959063,null
0.9,1,31.62448,0,1,0,0.9100831,0.591074,-2.267465,-0.9851482,0.1481801,-0.08675428,0,0,0,0,0,0,0,1,33.90005,0.9100831,0,-2.267465,2.267467,0,0.910083,-0.9961449,0,-0.08772288,0.09000111,0,-0.9959417,null
0.9,1,31.65105,0,1,0,0.9101738,0.5910639,-2.267434,-0.9851502,0.1479566,-0.08711213,0,0,0,0,0,0,0,1,34.00005,0.9101737,0,-2.267434,2.267436,0,0.9101735,-0.9961132,0,-0.08808188,0.09036004,0,-0.9959092,null
0.9,1,31.66875,0,1,0,0.9102579,0.5910608,-2.267495,-0.9851707,0.1480172,-0.08677696,0,0,0,0,0,0,0,1,34.10005,0.910258,0,-2.267495,2.267498,0,0.9102579,-0.996143,0,-0.0877438,0.09002203,0,-0.9959398,null
0.9,1,31.69099,0,1,0,0.9102169,0.5910133,-2.267453,-0.9851293,0.1482778,-0.08680167,0,0,0,0,0,0,0,1,34.20005,0.9102168,0,-2.267453,2.267455,0,0.9102167,-0.9961405,0,-0.08777227,0.09005049,0,-0.9959372,null
0.9,1,31.7153,0,1,0,0.9102542,0.5910044,-2.267419,-0.9851316,0.1482437,-0.08683577,0,0,0,0,0,0,0,1,34.30005,0.9102543,0,-2.267419,2.267421,0,0.9102541,-0.9961376,0,-0.08780635,0.09008455,0,-0.9959341,null
0.9,1,31.74298,0,1,0,0.9102148,0.591031,-2.26738,-0.9851426,0.1481231,-0.08691544,0,0,0,0,0,0,0,1,34.40005,0.9102148,0,-2.26738,2.267382,0,0.9102145,-0.9961306,0,-0.08788528,0.09016348,0,-0.995927,null
0.9,1,31.75801,0,1,0,0.9101411,0.5910491,-2.267388,-0.9851552,0.1480887,-0.08683112,0,0,0,0,0,0,0,1,34.50005,0.9101412,0,-2.267388,2.26739,0,0.9101409,-0.9961382,0,-0.08779953,0.09007774,0,-0.9959347,null
0.9,1,31.78113,0,1,0,0.9101942,0.5910104,-2.26735,-0.985122,0.148316,-0.0868196,0,0,0,0,0,0,0,1,34.60004,0.9101941,0,-2.26735,2.267352,0,0.9101937,-0.9961389,0,-0.08779093,0.09006914,0,-0.9959356,null
0.9,1,31.80668,0,1,0,0.9102756,0.5910006,-2.267368,-0.9851581,0.1481187,-0.0867449,0,0,0,0,0,0,0,1,34.70004,0.9102756,0,-2.267368,2.26737,0,0.9102753,-0.9961458,0,-0.08771276,0.08999097,0,-0.9959425,null
0.9,1,31.8238,0,1,0,0.9103782,0.5909582,-2.267356,-0.9851224,0.1483772,-0.08670885,0,0,0,0,0,0,0,1,34.80004,0.9103782,0,-2.267356,2.267358,0,0.9103778,-0.9961487,0,-0.08767969,0.08995792,0,-0.9959455,null
0.9,1,31.84708,0,1,0,0.9104118,0.5909215,-2.267356,-0.9850981,0.148437,-0.08688514,0,0,0,0,0,0,0,1,34.90004,0.9104118,0,-2.267356,2.267358,0,0.9104115,-0.9961329,0,-0.08785887,0.09013707,0,-0.9959294,null
0.9,1,31.86845,0,1,0,0.9104381,0.5909448,-2.267354,-0.9850965,0.1483976,-0.08696947,0,0,0,0,0,0,0,1,35.00004,0.9104381,0,-2.267354,2.267355,0,0.9104377,-0.9961255,0,-0.08794346,0.09022164,0,-0.9959217,null
0.9,1,31.89518,0,1,0,0.9104267,0.5909878,-2.267394,-0.985139,0.1481999,-0.08682564,0,0,0,0,0,0,0,1,35.10004,0.9104268,0,-2.267394,2.267396,0,0.9104266,-0.9961386,0,-0.08779547,0.09007367,0,-0.9959351,null
0.9,1,31.90379,0,1,0,0.9103351,0.5910485,-2.267424,-0.9851546,0.1481431,-0.08674376,0,0,0,0,0,0,0,1,35.20004,0.910335,0,-2.267424,2.267426,0,0.9103348,-0.9961459,0,-0.0877118,0.08999003,0,-0.9959427,null
0.9,1,31.91287,0,1,0,0.9103191,0.5910611,-2.267394,-0.9851483,0.1481463,-0.08681101,0,0,0,0,0,0,0,1,35.30003,0.9103191,0,-2.267394,2.267396,0,0.9103189,-0.9961399,0,-0.0877799,0.0900581,0,-0.9959365,null
0.9,1,31.9239,0,1,0,0.910306,0.5910506,-2.267386,-0.985148,0.1482011,-0.08671981,0,0,0,0,0,0,0,1,35.40003,0.910306,0,-2.267386,2.267388,0,0.9103057,-0.9961479,0,-0.08768843,0.08996667,0,-0.9959448,null
0.9,1,31.93627,0,1,0,0.9103351,0.5910172,-2.267369,-0.9851285,0.1482106,-0.0869263,0,0,0,0,0,0,0,1,35.50003,0.9103351,0,-2.26737,2.267371,0,0.9103348,-0.9961296,0,-0.08789738,0.09017555,0,-0.9959258,null
0.9,1,31.94631,0,1,0,0.9103287,0.5910016,-2.267358,-0.9850998,0.1483417,-0.08702672,0,0,0,0,0,0,0,1,35.60003,0.9103287,0,-2.267358,2.26736,0,0.9103283,-0.9961205,0,-0.08800063,0.09027879,0,-0.9959165,null
0.9,1,31.9573,0,1,0,0.9103783,0.5910023,-2.267354,-0.9851601,0.1480712,-0.08680725,0,0,0,0,0,0,0,1,35.70003,0.9103782,0,-2.267354,2.267356,0,0.9103779,-0.9961403,0,-0.08777516,0.09005337,0,-0.995937,null
0.9,1,31.97141,0,1,0,0.9103758,0.5909965,-2.26733,-0.9851517,0.1480971,-0.08685542,0,0,0,0,0,0,0,1,35.80003,0.9103757,0,-2.26733,2.267332,0,0.9103753,-0.996136,0,-0.08782428,0.09010249,0,-0.9959325,null
0.9,1,31.9817,0,1,0,0.9102829,0.5910177,-2.267318,-0.9851261,0.1482178,-0.08694071,0,0,0,0,0,0,0,1,35.90002,0.9102828,0,-2.267318,2.267321,0,0.9102824,-0.9961283,0,-0.08791203,0.09019021,0,-0.9959245,null
0.9,1,31.99178,0,1,0,0.9102982,0.5910124,-2.267332,-0.9851306,0.1482177,-0.08688875,0,0,0,0,0,0,0,1,36.00002,0.9102982,0,-2.267332,2.267334,0,0.9102978,-0.