,AF3,AF4,Fp1,Fp2,AF7,AF8
0,0,0,0,0,0,0
1,0,0,0,0,0,0
2,0,0,0,0,0,0
3,0,0,0,0,0,0
4,0,0,0,0,0,0
5,0,0,0,0,0,0
6,0,0,0,0,0,0
7,0,0,0,0,0,0
8,0,0,0,0,0,0
9,0,0,0,0,0,0
10,0,0,0,0,0,0
11,0,0,0,0,0,0
12,0,0,0,0,0,0
13,0,0,0,0,0,0
14,0,0,0,0,0,0
15,0,0,0,0,0,0
16,0,0,0,0,0,0
17,0,0,0,0,0,0
18,0,0,0,0,0,0
19,0,0,0,0,0,0
20,0,0,0,0,0,0
21,0,0,0,0,0,0
22,0,0,0,0,0,0
23,0,0,0,0,0,0
24,0,0,0,0,0,0
25,0,0,0,0,0,0
26,0,0,0,0,0,0
27,0,0,0,0,0,0
28,0,0,0,0,0,0
29,0,0,0,0,0,0
30,0,0,0,0,0,0
31,0,0,0,0,0,0
32,0,0,0,0,0,0
33,0,0,0,0,0,0
34,0,0,0,0,0,0
35,0,0,0,0,0,0
36,0,0,0,0,0,0
37,0,0,0,0,0,0
38,0,0,0,0,0,0
39,0,0,0,0,0,0
40,0,0,0,0,0,0
41,0,0,0,0,0,0
42,0,0,0,0,0,0
43,0,0,0,0,0,0
44,0,0,0,0,0,0
45,0,0,0,0,0,0
46,0,0,0,0,0,0
47,0,0,0,0,0,0
48,0,0,0,0,0,0
49,0,0,0,0,0,0
50,0,0,0,0,0,0
51,0,0,0,0,0,0
52,0,0,0,0,0,0
53,0,0,0,0,0,0
54,0,0,0,0,0,0
55,0,0,0,0,0,0
56,0,0,0,0,0,0
57,0,0,0,0,0,0
58,0,0,0,0,0,0
59,0,0,0,0,0,0
60,0,0,0,0,0,0
61,0,0,0,0,0,0
62,0,0,0,0,0,0
63,0,0,0,0,0,0
64,0,0,0,0,0,0
65,0,0,0,0,0,0
66,0,0,0,0,0,0
67,0,0,0,0,0,0
68,0,0,0,0,0,0
69,0,0,0,0,0,0
70,0,0,0,0,0,0
71,0,0,0,0,0,0
72,0,0,0,0,0,0
73,0,0,0,0,0,0
74,0,0,0,0,0,0
75,0,0,0,0,0,0
76,0,0,0,0,0,0
77,0,0,0,0,0,0
78,0,0,0,0,0,0
79,0,0,0,0,0,0
80,0,0,0,0,0,0
81,0,0,0,0,0,0
82,0,0,0,0,0,0
83,0,0,0,0,0,0
84,0,0,0,0,0,0
85,0,0,0,0,0,0
86,0,0,0,0,0,0
87,0,0,0,0,0,0
88,0,0,0,0,0,0
89,0,0,0,0,0,0
90,0,0,0,0,0,0
91,0,0,0,0,0,0
92,0,0,0,0,0,0
93,0,0,0,0,0,0
94,0,0,0,0,0,0
95,0,0,0,0,0,0
96,0,0,0,0,0,0
97,0,0,0,0,0,0
98,0,0,0,0,0,0
99,0,0,0,0,0,0
100,0,0,0,0,0,0
101,0,0,0,0,0,0
102,0,0,0,0,0,0
103,0,0,0,0,0,0
104,0,0,0,0,0,0
105,0,0,0,0,0,0
106,0,0,0,0,0,0
107,0,0,0,0,0,0
108,0,0,0,0,0,0
109,0,0,0,0,0,0
110,0,0,0,0,0,0
111,0,0,0,0,0,0
112,0,0,0,0,0,0
113,0,0,0,0,0,0
114,0,0,0,0,0,0
115,0,0,0,0,0,0
116,0,0,0,0,0,0
117,0,0,0,0,0,0
118,0,0,0,0,0,0
119,0,0,0,0,0,0
120,0,0,0,0,0,0
121,0,0,0,0,0,0
122,0,0,0,0,0,0
123,0,0,0,0,0,0
124,0,0,0,0,0,0
125,0,0,0,0,0,0
126,0,0,0,0,0,0
127,0,0,0,0,0,0
128,0,0,0,0,0,0
129,0,0,0,0,0,0
130,0,0,0,0,0,0
131,0,0,0,0,0,0
132,0,0,0,0,0,0
133,0,0,0,0,0,0
134,0,0,0,0,0,0
135,0,0,0,0,0,0
136,0,0,0,0,0,0
137,0,0,0,0,0,0
138,0,0,0,0,0,0
139,0,0,0,0,0,0
140,0,0,0,0,0,0
141,0,0,0,0,0,0
142,0,0,0,0,0,0
143,0,0,0,0,0,0
144,0,0,0,0,0,0
145,0,0,0,0,0,0
146,0,0,0,0,0,0
147,0,0,0,0,0,0
148,0,0,0,0,0,0
149,0,0,0,0,0,0
150,0,0,0,0,0,0
151,0,0,0,0,0,0
152,0,0,0,0,0,0
153,0,0,0,0,0,0
154,0,0,0,0,0,0
155,0,0,0,0,0,0
156,0,0,0,0,0,0
157,0,0,0,0,0,0
158,0,0,0,0,0,0
159,0,0,0,0,0,0
160,0,0,0,0,0,0
161,0,0,0,0,0,0
162,0,0,0,0,0,0
163,0,0,0,0,0,0
164,0,0,0,0,0,0
165,0,0,0,0,0,0
166,0,0,0,0,0,0
167,0,0,0,0,0,0
168,0,0,0,0,0,0
169,0,0,0,0,0,0
170,0,0,0,0,0,0
171,0,0,0,0,0,0
172,0,0,0,0,0,0
173,0,0,0,0,0,0
174,0,0,0,0,0,0
175,0,0,0,0,0,0
176,0,0,0,0,0,0
177,0,0,0,0,0,0
178,0,0,0,0,0,0
179,0,0,0,0,0,0
180,0,0,0,0,0,0
181,0,0,0,0,0,0
182,0,0,0,0,0,0
183,0,0,0,0,0,0
184,0,0,0,0,0,0
185,0,0,0,0,0,0
186,0,0,0,0,0,0
187,0,0,0,0,0,0
188,0,0,0,0,0,0
189,0,0,0,0,0,0
190,0,0,0,0,0,0
191,0,0,0,0,0,0
192,0,0,0,0,0,0
193,0,0,0,0,0,0
194,0,0,0,0,0,0
195,0,0,0,0,0,0
196,0,0,0,0,0,0
197,0,0,0,0,0,0
198,0,0,0,0,0,0
199,0,0,0,0,0,0
200,0,0,0,0,0,0
201,0,0,0,0,0,0
202,0,0,0,0,0,0
203,0,0,0,0,0,0
204,0,0,0,0,0,0
205,0,0,0,0,0,0
206,0,0,0,0,0,0
207,0,0,0,0,0,0
208,0,0,0,0,0,0
209,0,0,0,0,0,0
210,0,0,0,0,0,0
211,0,0,0,0,0,0
212,0,0,0,0,0,0
213,0,0,0,0,0,0
214,0,0,0,0,0,0
215,0,0,0,0,0,0
216,0,0,0,0,0,0
217,0,0,0,0,0,0
218,0,0,0,0,0,0
219,0,0,0,0,0,0
220,0,0,0,0,0,0
221,0,0,0,0,0,0
222,0,0,0,0,0,0
223,0,0,0,0,0,0
224,0,0,0,0,0,0
225,0,0,0,0,0,0
226,0,0,0,0,0,0
227,0,0,0,0,0,0
228,0,0,0,0,0,0
229,0,0,0,0,0,0
230,0,0,0,0,0,0
231,0,0,0,0,0,0
232,0,0,0,0,0,0
233,0,0,0,0,0,0
234,0,0,0,0,0,0
235,0,0,0,0,0,0
236,0,0,0,0,0,0
237,0,0,0,0,0,0
238,0,0,0,0,0,0
239,0,0,0,0,0,0
240,0,0,0,0,0,0
241,0,0,0,0,0,0
242,0,0,0,0,0,0
243,0,0,0,0,0,0
244,0,0,0,0,0,0
245,0,0,0,0,0,0
246,0,0,0,0,0,0
247,0,0,0,0,0,0
248,0,0,0,0,0,0
249,0,0,0,0,0,0
250,0,0,0,0,0,0
251,0,0,0,0,0,0
252,0,0,0,0,0,0
253,0,0,0,0,0,0
254,0,0,0,0,0,0
255,0,0,0,0,0,0
256,0,0,0,0,0,0
257,0,0,0,0,0,0
258,0,0,0,0,0,0
259,0,0,0,0,0,0
260,0,0,0,0,0,0
261,0,0,0,0,0,0
262,0,0,0,0,0,0
263,0,0,0,0,0,0
264,0,0,0,0,0,0
265,0,0,0,0,0,0
266,0,0,0,0,0,0
267,0,0,0,0,0,0
268,0,0,0,0,0,0
269,0,0,0,0,0,0
270,0,0,0,0,0,0
271,0,0,0,0,0,0
272,0,0,0,0,0,0
273,0,0,0,0,0,0
274,0,0,0,0,0,0
275,0,0,0,0,0,0
276,0,0,0,0,0,0
277,0,0,0,0,0,0
278,0,0,0,0,0,0
279,0,0,0,0,0,0
280,0,0,0,0,0,0
281,0,0,0,0,0,0
282,0,0,0,0,0,0
283,0,0,0,0,0,0
284,0,0,0,0,0,0
285,0,0,0,0,0,0
286,0,0,0,0,0,0
287,0,0,0,0,0,0
288,0,0,0,0,0,0
289,0,0,0,0,0,0
290,0,0,0,0,0,0
291,0,0,0,0,0,0
292,0,0,0,0,0,0
293,0,0,0,0,0,0
294,0,0,0,0,0,0
295,0,0,0,0,0,0
296,0,0,0,0,0,0
297,0,0,0,0,0,0
298,0,0,0,0,0,0
299,0,0,0,0,0,0
300,0,0,0,0,0,0
301,0,0,0,0,0,0
302,0,0,0,0,0,0
303,0,0,0,0,0,0
304,0,0,0,0,0,0
305,0,0,0,0,0,0
306,0,0,0,0,0,0
307,0,0,0,0,0,0
308,0,0,0,0,0,0
309,0,0,0,0,0,0
310,0,0,0,0,0,0
311,0,0,0,0,0,0
312,0,0,0,0,0,0
313,0,0,0,0,0,0
314,0,0,0,0,0,0
315,0,0,0,0,0,0
316,0,0,0,0,0,0
317,0,0,0,0,0,0
318,0,0,0,0,0,0
319,0,0,0,0,0,0
320,0,0,0,0,0,0
321,0,0,0,0,0,0
322,0,0,0,0,0,0
323,0,0,0,0,0,0
324,0,0,0,0,0,0
325,0,0,0,0,0,0
326,0,0,0,0,0,0
327,0,0,0,0,0,0
328,0,0,0,0,0,0
329,0,0,0,0,0,0
330,0,0,0,0,0,0
331,0,0,0,0,0,0
332,0,0,0,0,0,0
333,0,0,0,0,0,0
334,0,0,0,0,0,0
335,0,0,0,0,0,0
336,0,0,0,0,0,0
337,0,0,0,0,0,0
338,0,0,0,0,0,0
339,0,0,0,0,0,0
340,0,0,0,0,0,0
341,0,0,0,0,0,0
342,0,0,0,0,0,0
343,0,0,0,0,0,0
344,0,0,0,0,0,0
345,0,0,0,0,0,0
346,0,0,0,0,0,0
347,0,0,0,0,0,0
348,0,0,0,0,0,0
349,0,0,0,0,0,0
350,0,0,0,0,0,0
351,0,0,0,0,0,0
352,0,0,0,0,0,0
353,0,0,0,0,0,0
354,0,0,0,0,0,0
355,0,0,0,0,0,0
356,0,0,0,0,0,0
357,0,0,0,0,0,0
358,0,0,0,0,0,0
359,0,0,0,0,0,0
360,0,0,0,0,0,0
361,0,0,0,0,0,0
362,0,0,0,0,0,0
363,0,0,0,0,0,0
364,0,0,0,0,0,0
365,0,0,0,0,0,0
366,0,0,0,0,0,0
367,0,0,0,0,0,0
368,0,0,0,0,0,0
369,0,0,0,0,0,0
370,0,0,0,0,0,0
371,0,0,0,0,0,0
372,0,0,0,0,0,0
373,0,0,0,0,0,0
374,0,0,0,0,0,0
375,0,0,0,0,0,0
376,0,0,0,0,0,0
377,0,0,0,0,0,0
378,0,0,0,0,0,0
379,0,0,0,0,0,0
380,0,0,0,0,0,0
381,0,0,0,0,0,0
382,0,0,0,0,0,0
383,0,0,0,0,0,0
384,0,0,0,0,0,0
385,0,0,0,0,0,0
386,0,0,0,0,0,0
387,0,0,0,0,0,0
388,0,0,0,0,0,0
389,0,0,0,0,0,0
390,0,0,0,0,0,0
391,0,0,0,0,0,0
392,0,0,0,0,0,0
393,0,0,0,0,0,0
394,0,0,0,0,0,0
395,0,0,0,0,0,0
396,0,0,0,0,0,0
397,0,0,0,0,0,0
398,0,0,0,0,0,0
399,0,0,0,0,0,0
400,0,0,0,0,0,0
401,0,0,0,0,0,0
402,0,0,0,0,0,0
403,0,0,0,0,0,0
404,0,0,0,0,0,0
405,0,0,0,0,0,0
406,0,0,0,0,0,0
407,0,0,0,0,0,0
408,0,0,0,0,0,0
409,0,0,0,0,0,0
410,0,0,0,0,0,0
411,0,0,0,0,0,0
412,0,0,0,0,0,0
413,0,0,0,0,0,0
414,0,0,0,0,0,0
415,0,0,0,0,0,0
416,0,0,0,0,0,0
417,0,0,0,0,0,0
418,0,0,0,0,0,0
419,0,0,0,0,0,0
420,0,0,0,0,0,0
421,0,0,0,0,0,0
422,0,0,0,0,0,0
423,0,0,0,0,0,0
424,0,0,0,0,0,0
425,0,0,0,0,0,0
426,0,0,0,0,0,0
427,0,0,0,0,0,0
428,0,0,0,0,0,0
429,0,0,0,0,0,0
430,0,0,0,0,0,0
431,0,0,0,0,0,0
432,0,0,0,0,0,0
433,0,0,0,0,0,0
434,0,0,0,0,0,0
435,0,0,0,0,0,0
436,0,0,0,0,0,0
437,0,0,0,0,0,0
438,0,0,0,0,0,0
439,0,0,0,0,0,0
440,0,0,0,0,0,0
441,0,0,0,0,0,0
442,0,0,0,0,0,0
443,0,0,0,0,0,0
444,0,0,0,0,0,0
445,0,0,0,0,0,0
446,0,0,0,0,0,0
447,0,0,0,0,0,0
448,0,0,0,0,0,0
449,0,0,0,0,0,0
450,0,0,0,0,0,0
451,0,0,0,0,0,0
452,0,0,0,0,0,0
453,0,0,0,0,0,0
454,0,0,0,0,0,0
455,0,0,0,0,0,0
456,0,0,0,0,0,0
457,0,0,0,0,0,0
458,0,0,0,0,0,0
459,0,0,0,0,0,0
460,0,0,0,0,0,0
461,0,0,0,0,0,0
462,0,0,0,0,0,0
463,0,0,0,0,0,0
464,0,0,0,0,0,0
465,0,0,0,0,0,0
466,0,0,0,0,0,0
467,0,0,0,0,0,0
468,0,0,0,0,0,0
469,0,0,0,0,0,0
470,0,0,0,0,0,0
471,0,0,0,0,0,0
472,0,0,0,0,0,0
473,0,0,0,0,0,0
474,0,0,0,0,0,0
475,0,0,0,0,0,0
476,0,0,0,0,0,0
477,0,0,0,0,0,0
478,0,0,0,0,0,0
479,0,0,0,0,0,0
480,0,0,0,0,0,0
481,0,0,0,0,0,0
482,0,0,0,0,0,0
483,0,0,0,0,0,0
484,0,0,0,0,0,0
485,0,0,0,0,0,0
486,0,0,0,0,0,0
487,0,0,0,0,0,0
488,0,0,0,0,0,0
489,0,0,0,0,0,0
490,0,0,0,0,0,0
491,0,0,0,0,0,0
492,0,0,0,0,0,0
493,0,0,0,0,0,0
494,0,0,0,0,0,0
495,0,0,0,0,0,0
496,0,0,0,0,0,0
497,0,0,0,0,0,0
498,0,0,0,0,0,0
499,0,0,0,0,0,0
500,0,0,0,0,0,0
501,0,0,0,0,0,0
502,0,0,0,0,0,0
503,0,0,0,0,0,0
504,0,0,0,0,0,0
505,0,0,0,0,0,0
506,0,0,0,0,0,0
507,0,0,0,0,0,0
508,0,0,0,0,0,0
509,0,0,0,0,0,0
510,0,0,0,0,0,0
511,0,0,0,0,0,0
512,0,0,0,0,0,0
513,0,0,0,0,0,0
514,0,0,0,0,0,0
515,0,0,0,0,0,0
516,0,0,0,0,0,0
517,0,0,0,0,0,0
518,0,0,0,0,0,0
519,0,0,0,0,0,0
520,0,0,0,0,0,0
521,0,0,0,0,0,0
522,0,0,0,0,0,0
523,0,0,0,0,0,0
524,0,0,0,0,0,0
525,0,0,0,0,0,0
526,0,0,0,0,0,0
527,0,0,0,0,0,0
528,0,0,0,0,0,0
529,0,0,0,0,0,0
530,0,0,0,0,0,0
531,0,0,0,0,0,0
532,0,0,0,0,0,0
533,0,0,0,0,0,0
534,0,0,0,0,0,0
535,0,0,0,0,0,0
536,0,0,0,0,0,0
537,0,0,0,0,0,0
538,0,0,0,0,0,0
539,0,0,0,0,0,0
540,0,0,0,0,0,0
541,0,0,0,0,0,0
542,0,0,0,0,0,0
543,0,0,0,0,0,0
544,0,0,0,0,0,0
545,0,0,0,0,0,0
546,0,0,0,0,0,0
547,0,0,0,0,0,0
548,0,0,0,0,0,0
549,0,0,0,0,0,0
550,0,0,0,0,0,0
551,0,0,0,0,0,0
552,0,0,0,0,0,0
553,0,0,0,0,0,0
554,0,0,0,0,0,0
555,0,0,0,0,0,0
556,0,0,0,0,0,0
557,0,0,0,0,0,0
558,0,0,0,0,0,0
559,0,0,0,0,0,0
560,0,0,0,0,0,0
561,0,0,0,0,0,0
562,0,0,0,0,0,0
563,0,0,0,0,0,0
564,0,0,0,0,0,0
565,0,0,0,0,0,0
566,0,0,0,0,0,0
567,0,0,0,0,0,0
568,0,0,0,0,0,0
569,0,0,0,0,0,0
570,0,0,0,0,0,0
571,0,0,0,0,0,0
572,0,0,0,0,0,0
573,0,0,0,0,0,0
574,0,0,0,0,0,0
575,0,0,0,0,0,0
576,0,0,0,0,0,0
577,0,0,0,0,0,0
578,0,0,0,0,0,0
579,0,0,0,0,0,0
580,0,0,0,0,0,0
581,0,0,0,0,0,0
582,0,0,0,0,0,0
583,0,0,0,0,0,0
584,0,0,0,0,0,0
585,0,0,0,0,0,0
586,0,0,0,0,0,0
587,0,0,0,0,0,0
588,0,0,0,0,0,0
589,0,0,0,0,0,0
590,0,0,0,0,0,0
591,0,0,0,0,0,0
592,0,0,0,0,0,0
593,0,0,0,0,0,0
594,0,0,0,0,0,0
595,0,0,0,0,0,0
596,0,0,0,0,0,0
597,0,0,0,0,0,0
598,0,0,0,0,0,0
599,0,0,0,0,0,0
600,0,0,0,0,0,0
601,0,0,0,0,0,0
602,0,0,0,0,0,0
603,0,0,0,0,0,0
604,0,0,0,0,0,0
605,0,0,0,0,0,0
606,0,0,0,0,0,0
607,0,0,0,0,0,0
608,0,0,0,0,0,0
609,0,0,0,0,0,0
610,0,0,0,0,0,0
611,0,0,0,0,0,0
612,0,0,0,0,0,0
613,0,0,0,0,0,0
614,0,0,0,0,0,0
615,0,0,0,0,0,0
616,0,0,0,0,0,0
617,0,0,0,0,0,0
618,0,0,0,0,0,0
619,0,0,0,0,0,0
620,0,0,0,0,0,0
621,0,0,0,0,0,0
622,0,0,0,0,0,0
623,0,0,0,0,0,0
624,0,0,0,0,0,0
625,0,0,0,0,0,0
626,0,0,0,0,0,0
627,0,0,0,0,0,0
628,0,0,0,0,0,0
629,0,0,0,0,0,0
630,0,0,0,0,0,0
631,0,0,0,0,0,0
632,0,0,0,0,0,0
633,0,0,0,0,0,0
634,0,0,0,0,0,0
635,0,0,0,0,0,0
636,0,0,0,0,0,0
637,0,0,0,0,0,0
638,0,0,0,0,0,0
639,0,0,0,0,0,0
640,0,0,0,0,0,0
641,0,0,0,0,0,0
642,0,0,0,0,0,0
643,0,0,0,0,0,0
644,0,0,0,0,0,0
645,0,0,0,0,0,0
646,0,0,0,0,0,0
647,0,0,0,0,0,0
648,0,0,0,0,0,0
649,0,0,0,0,0,0
650,0,0,0,0,0,0
651,0,0,0,0,0,0
652,0,0,0,0,0,0
653,0,0,0,0,0,0
654,0,0,0,0,0,0
655,0,0,0,0,0,0
656,0,0,0,0,0,0
657,0,0,0,0,0,0
658,0,0,0,0,0,0
659,0,0,0,0,0,0
660,0,0,0,0,0,0
661,0,0,0,0,0,0
662,0,0,0,0,0,0
663,0,0,0,0,0,0
664,0,0,0,0,0,0
665,0,0,0,0,0,0
666,0,0,0,0,0,0
667,0,0,0,0,0,0
668,0,0,0,0,0,0
669,0,0,0,0,0,0
670,0,0,0,0,0,0
671,0,0,0,0,0,0
672,0,0,0,0,0,0
673,0,0,0,0,0,0
674,0,0,0,0,0,0
675,0,0,0,0,0,0
676,0,0,0,0,0,0
677,0,0,0,0,0,0
678,0,0,0,0,0,0
679,0,0,0,0,0,0
680,0,0,0,0,0,0
681,0,0,0,0,0,0
682,0,0,0,0,0,0
683,0,0,0,0,0,0
684,0,0,0,0,0,0
685,0,0,0,0,0,0
686,0,0,0,0,0,0
687,0,0,0,0,0,0
688,0,0,0,0,0,0
689,0,0,0,0,0,0
690,0,0,0,0,0,0
691,0,0,0,0,0,0
692,0,0,0,0,0,0
693,0,0,0,0,0,0
694,0,0,0,0,0,0
695,0,0,0,0,0,0
696,0,0,0,0,0,0
697,0,0,0,0,0,0
698,0,0,0,0,0,0
699,0,0,0,0,0,0
700,0,0,0,0,0,0
701,0,0,0,0,0,0
702,0,0,0,0,0,0
703,0,0,0,0,0,0
704,0,0,0,0,0,0
705,0,0,0,0,0,0
706,0,0,0,0,0,0
707,0,0,0,0,0,0
708,0,0,0,0,0,0
709,0,0,0,0,0,0
710,0,0,0,0,0,0
711,0,0,0,0,0,0
712,0,0,0,0,0,0
713,0,0,0,0,0,0
714,0,0,0,0,0,0
715,0,0,0,0,0,0
716,0,0,0,0,0,0
717,0,0,0,0,0,0
718,0,0,0,0,0,0
719,0,0,0,0,0,0
720,0,0,0,0,0,0
721,0,0,0,0,0,0
722,0,0,0,0,0,0
723,0,0,0,0,0,0
724,0,0,0,0,0,0
725,0,0,0,0,0,0
726,0,0,0,0,0,0
727,0,0,0,0,0,0
728,0,0,0,0,0,0
729,0,0,0,0,0,0
730,0,0,0,0,0,0
731,0,0,0,0,0,0
732,0,0,0,0,0,0
733,0,0,0,0,0,0
734,0,0,0,0,0,0
735,0,0,0,0,0,0
736,0,0,0,0,0,0
737,0,0,0,0,0,0
738,0,0,0,0,0,0
739,0,0,0,0,0,0
740,0,0,0,0,0,0
741,0,0,0,0,0,0
742,0,0,0,0,0,0
743,0,0,0,0,0,0
744,0,0,0,0,0,0
745,0,0,0,0,0,0
746,0,0,0,0,0,0
747,0,0,0,0,0,0
748,0,0,0,0,0,0
749,0,0,0,0,0,0
750,0,0,0,0,0,0
751,0,0,0,0,0,0
752,0,0,0,0,0,0
753,0,0,0,0,0,0
754,0,0,0,0,0,0
755,0,0,0,0,0,0
756,0,0,0,0,0,0
757,0,0,0,0,0,0
758,0,0,0,0,0,0
759,0,0,0,0,0,0
760,0,0,0,0,0,0
761,0,0,0,0,0,0
762,0,0,0,0,0,0
763,0,0,0,0,0,0
764,0,0,0,0,0,0
765,0,0,0,0,0,0
766,0,0,0,0,0,0
767,0,0,0,0,0,0
768,0,0,0,0,0,0
769,0,0,0,0,0,0
770,0,0,0,0,0,0
771,0,0,0,0,0,0
772,0,0,0,0,0,0
773,0,0,0,0,0,0
774,0,0,0,0,0,0
775,0,0,0,0,0,0
776,0,0,0,0,0,0
777,0,0,0,0,0,0
778,0,0,0,0,0,0
779,0,0,0,0,0,0
780,0,0,0,0,0,0
781,0,0,0,0,0,0
782,0,0,0,0,0,0
783,0,0,0,0,0,0
784,0,0,0,0,0,0
785,0,0,0,0,0,0
786,0,0,0,0,0,0
787,0,0,0,0,0,0
788,0,0,0,0,0,0
789,0,0,0,0,0,0
790,0,0,0,0,0,0
791,0,0,0,0,0,0
792,0,0,0,0,0,0
793,0.5,0.5,0.5,0.5,0.5,0.5
794,0.5,0.5,0.5,0.5,0.5,0.5
795,0.5,0.5,0.5,0.5,0.5,0.5
796,0.5,0.5,0.5,0.5,0.5,0.5
797,0.5,0.5,0.5,0.5,0.5,0.5
798,0.5,0.5,0.5,0.5,0.5,0.5
799,0.5,0.5,0.5,0.5,0.5,0.5
800,0.5,0.5,0.5,0.5,0.5,0.5
801,0.5,0.5,0.5,0.5,0.5,0.5
802,0.5,0.5,0.5,0.5,0.5,0.5
803,0.5,0.5,0.5,0.5,0.5,0.5
804,0.5,0.5,0.5,0.5,0.5,0.5
805,0.5,0.5,0.5,0.5,0.5,0.5
806,0.5,0.5,0.5,0.5,0.5,0.5
807,0.5,0.5,0.5,0.5,0.5,0.5
808,0.5,0.5,0.5,0.5,0.5,0.5
809,0.5,0.5,0.5,0.5,0.5,0.5
810,0.5,0.5,0.5,0.5,0.5,0.5
811,0.5,0.5,0.5,0.5,0.5,0.5
812,0.5,0.5,0.5,0.5,0.5,0.5
813,0.5,0.5,0.5,0.5,0.5,0.5
814,0.5,0.5,0.5,0.5,0.5,0.5
815,0.5,0.5,0.5,0.5,0.5,0.5
816,0.5,0.5,0.5,0.5,0.5,0.5
817,0.5,0.5,0.5,0.5,0.5,0.5
818,0.5,0.5,0.5,0.5,0.5,0.5
819,0.5,0.5,0.5,0.5,0.5,0.5
820,0.5,0.5,0.5,0.5,0.5,0.5
821,0.5,0.5,0.5,0.5,0.5,0.5
822,0.5,0.5,0.5,0.5,0.5,0.5
823,0.5,0.5,0.5,0.5,0.5,0.5
824,0.5,0.5,0.5,0.5,0.5,0.5
825,0.5,0.5,0.5,0.5,0.5,0.5
826,0.5,0.5,0.5,0.5,0.5,0.5
827,0.5,0.5,0.5,0.5,0.5,0.5
828,0.5,0.5,0.5,0.5,0.5,0.5
829,0.5,0.5,0.5,0.5,0.5,0.5
830,0.5,0.5,0.5,0.5,0.5,0.5
831,0.5,0.5,0.5,0.5,0.5,0.5
832,0.5,0.5,0.5,0.5,0.5,0.5
833,0.5,0.5,0.5,0.5,0.5,0.5
834,0.5,0.5,0.5,0.5,0.5,0.5
835,0.5,0.5,0.5,0.5,0.5,0.5
836,0.5,0.5,0.5,0.5,0.5,0.5
837,0.5,0.5,0.5,0.5,0.5,0.5
838,0.5,0.5,0.5,0.5,0.5,0.5
839,0.5,0.5,0.5,0.5,0.5,0.5
840,0.5,0.5,0.5,0.5,0.5,0.5
841,0.5,0.5,0.5,0.5,0.5,0.5
842,0.5,0.5,0.5,0.5,0.5,0.5
843,0.5,0.5,0.5,0.5,0.5,0.5
844,0.5,0.5,0.5,0.5,0.5,0.5
845,0.5,0.5,0.5,0.5,0.5,0.5
846,0.5,0.5,0.5,0.5,0.5,0.5
847,0.5,0.5,0.5,0.5,0.5,0.5
848,0.5,0.5,0.5,0.5,0.5,0.5
849,0.5,0.5,0.5,0.5,0.5,0.5
850,0.5,0.5,0.5,0.5,0.5,0.5
851,0.5,0.5,0.5,0.5,0.5,0.5
852,0.5,0.5,0.5,0.5,0.5,0.5
853,0.5,0.5,0.5,0.5,0.5,0.5
854,0.5,0.5,0.5,0.5,0.5,0.5
855,0.5,0.5,0.5,0.5,0.5,0.5
856,0.5,0.5,0.5,0.5,0.5,0.5
857,0.5,0.5,0.5,0.5,0.5,0.5
858,0.5,0.5,0.5,0.5,0.5,0.5
859,0.5,0.5,0.5,0.5,0.5,0.5
860,0.5,0.5,0.5,0.5,0.5,0.5
861,0.5,0.5,0.5,0.5,0.5,0.5
862,0.5,0.5,0.5,0.5,0.5,0.5
863,0.5,0.5,0.5,0.5,0.5,0.5
864,0.5,0.5,0.5,0.5,0.5,0.5
865,0.5,0.5,0.5,0.5,0.5,0.5
866,0.5,0.5,0.5,0.5,0.5,0.5
867,0.5,0.5,0.5,0.5,0.5,0.5
868,0.5,0.5,0.5,0.5,0.5,0.5
869,0.5,0.5,0.5,0.5,0.5,0.5
870,0.5,0.5,0.5,0.5,0.5,0.5
871,0.5,-0.5,0.5,0.5,0.5,0.5
872,0.5,-0.5,0.5,0.5,0.5,0.5
873,0.5,-0.5,0.5,0.5,0.5,0.5
874,0.5,-0.5,0.5,0.5,0.5,0.5
875,0.5,-0.5,0.5,0.5,0.5,0.5
876,0.5,-0.5,0.0184069965034723,0.5,0.5,0.5
877,0.5,-0.5,-0.5,-0.5,0.487853467464447,0.5
878,0.5,-0.5,-0.5,-0.5,-0.5,-0.5
879,0.5,-0.5,-0.5,-0.5,-0.5,-0.5
880,-0.5,-0.5,-0.5,-0.5,-0.5,-0.5
881,-0.5,-0.5,-0.5,-0.5,-0.5,-0.5
882,-0.5,-0.5,-0.5,-0.5,-0.5,-0.5
883,-0.5,-0.5,-0.5,-0.5,-0.5,-0.5
884,-0.5,-0.5,-0.5,-0.5,-0.5,-0.5
885,-0.5,-0.5,-0.5,-0.5,-0.5,-0.5
886,-0.5,-0.5,-0.5,-0.5,-0.5,-0.5
887,-0.5,-0.5,-0.5,-0.5,-0.5,-0.5
888,-0.5,-0.5,-0.5,-0.5,-0.5,-0.5
889,-0.5,-0.5,-0.5,-0.5,-0.5,-0.5
890,-0.5,-0.5,-0.5,-0.5,-0.5,-0.5
891,-0.5,-0.5,-0.5,-0.5,-0.5,-0.5
892,-0.5,-0.5,-0.5,-0.5,-0.5,-0.5
893,-0.5,-0.5,-0.5,-0.5,-0.5,-0.5
894,-0.5,-0.5,-0.5,-0.5,-0.5,-0.5
895,-0.5,-0.5,-0.5,-0.5,-0.5,-0.5
896,-0.5,-0.5,-0.5,-0.5,-0.5,-0.5
897,-0.5,-0.5,-0.5,-0.5,-0.5,-0.5
898,-0.5,-0.5,-0.5,-0.5,-0.5,-0.5
899,-0.5,-0.5,-0.5,-0.5,-0.5,-0.5
900,-0.5,-0.5,-0.5,-0.5,-0.5,-0.5
901,-0.5,-0.5,-0.5,-0.5,-0.5,-0.5
902,-0.5,-0.5,-0.5,-0.5,-0.5,-0.5
903,-0.5,-0.5,-0.5,-0.5,-0.5,-0.5
904,-0.5,-0.5,-0.5,-0.5,-0.5,-0.5
905,-0.5,-0.5,-0.5,-0.5,-0.5,-0.5
906,-0.5,-0.5,-0.5,-0.5,-0.5,-0.5
907,-0.5,-0.5,-0.5,-0.5,-0.5,-0.5
908,-0.5,-0.5,-0.5,-0.5,-0.5,-0.5
909,-0.5,-0.5,-0.5,-0.5,-0.5,-0.5
910,-0.5,-0.5,-0.5,-0.5,-0.5,-0.5
911,-0.5,-0.5,-0.5,-0.5,-0.5,-0.5
912,-0.5,-0.5,-0.5,-0.5,-0.5,-0.5
913,-0.5,-0.5,-0.5,-0.5,-0.5,-0.5
914,-0.5,-0.5,-0.5,-0.5,-0.5,-0.5
915,-0.5,-0.5,-0.5,-0.5,-0.5,-0.5
916,-0.5,-0.5,-0.5,-0.5,-0.5,-0.5
917,-0.5,-0.5,-0.5,-0.5,-0.5,-0.5
918,-0.5,-0.5,-0.5,-0.5,-0.5,-0.5
919,-0.5,-0.5,-0.5,-0.5,-0.5,-0.5
920,-0.5,-0.5,-0.5,-0.5,-0.5,-0.5
921,-0.5,-0.5,-0.5,-0.5,-0.5,-0.5
922,-0.5,-0.5,-0.5,-0.5,-0.5,-0.5
923,-0.5,-0.5,-0.5,-0.5,-0.5,-0.5
924,-0.5,-0.5,-0.5,-0.5,-0.5,-0.5
925,-0.5,-0.5,-0.5,-0.5,-0.5,-0.5
926,-0.5,-0.5,-0.5,-0.5,-0.5,-0.5
927,-0.5,-0.5,-0.5,-0.5,-0.5,-0.5
928,-0.5,-0.5,-0.5,-0.5,-0.5,-0.5
929,-0.5,-0.5,-0.5,-0.5,-0.5,-0.5
930,-0.5,-0.5,-0.5,-0.5,-0.5,-0.5
931,-0.5,-0.5,-0.5,-0.5,-0.5,-0.5
932,-0.5,-0.5,-0.5,-0.5,-0.5,-0.5
933,-0.5,-0.5,-0.5,-0.5,-0.5,-0.5
934,-0.5,-0.5,-0.5,-0.5,-0.5,-0.5
935,-0.5,-0.5,-0.5,-0.5,-0.5,-0.5
936,-0.5,-0.5,-0.5,-0.5,-0.5,-0.5
937,-0.5,-0.5,-0.5,-0.5,-0.5,-0.5
938,-0.5,-0.5,-0.5,-0.5,-0.5,-0.5
939,-0.5,-0.5,-0.5,-0.5,-0.5,-0.5
940,-0.5,-0.5,-0.5,-0.5,-0.5,-0.5
941,-0.5,-0.5,-0.5,-0.5,-0.5,-0.5
942,-0.5,-0.5,-0.5,-0.5,-0.5,-0.5
943,-0.5,-0.5,-0.5,-0.5,-0.5,-0.5
944,-0.5,-0.5,-0.5,-0.5,-0.5,-0.5
945,-0.5,-0.5,-0.5,-0.5,-0.5,-0.5
946,-0.5,-0.5,-0.5,-0.5,-0.5,-0.5
947,-0.5,-0.5,-0.5,-0.5,-0.5,-0.5
948,-0.5,-0.5,-0.5,-0.5,-0.5,-0.5
949,-0.5,-0.5,-0.5,-0.5,-0.5,-0.5
950,-0.5,-0.5,-0.5,-0.5,-0.5,-0.5
951,-0.5,-0.5,-0.5,-0.5,-0.5,-0.5
952,-0.5,-0.5,-0.5,-0.5,-0.5,-0.5
953,-0.5,-0.5,-0.5,-0.5,-0.5,-0.5
954,-0.5,-0.5,-0.5,-0.5,-0.5,-0.5
955,-0.5,-0.5,-0.5,-0.5,-0.5,-0.5
956,-0.5,-0.5,-0.5,-0.5,-0.5,-0.5
957,-0.5,-0.5,-0.5,-0.5,-0.5,-0.5
958,-0.5,-0.5,-0.5,-0.5,-0.5,-0.5
959,-0.5,-0.5,-0.5,-0.5,-0.5,-0.5
960,-0.5,-0.5,-0.5,-0.5,-0.5,-0.5
961,-0.5,-0.5,-0.5,-0.5,-0.5,-0.5
962,-0.5,-0.5,-0.5,-0.5,-0.5,-0.5
963,-0.5,-0.5,-0.5,-0.5,-0.5,-0.5
964,-0.5,-0.5,-0.5,-0.5,-0.5,-0.5
965,-0.5,-0.5,-0.5,-0.5,-0.5,-0.5
966,-0.5,-0.5,-0.5,-0.5,-0.5,-0.5
967,-0.5,-0.5,-0.5,-0.5,-0.5,-0.5
968,-0.5,-0.5,-0.5,-0.5,-0.5,-0.5
969,-0.5,-0.5,-0.5,-0.5,-0.5,-0.5
970,-0.5,-0.5,-0.5,-0.5,-0.5,-0.5
971,-0.5,-0.5,-0.5,-0.5,-0.5,-0.5
972,-0.5,-0.5,-0.5,-0.5,-0.5,-0.5
973,-0.5,-0.5,-0.5,-0.5,-0.5,-0.5
974,-0.5,-0.5,-0.5,-0.5,-0.5,-0.5
975,-0.5,-0.5,-0.5,-0.5,-0.5,-0.5
976,-0.5,-0.5,-0.5,-0.5,-0.5,-0.5
977,-0.5,-0.5,-0.5,-0.5,-0.5,-0.5
978,-0.5,-0.5,-0.5,-0.5,-0.5,-0.5
979,-0.5,-0.5,-0.5,-0.5,-0.5,-0.5
980,-0.5,-0.5,-0.5,-0.5,-0.5,-0.5
981,-0.5,-0.5,-0.5,-0.5,-0.5,-0.5
982,-0.5,-0.5,-0.5,-0.5,-0.5,-0.5
983,-0.5,-0.5,-0.5,-0.5,-0.5,-0.5
984,-0.5,-0.5,-0.5,-0.5,-0.5,-0.5
985,-0.5,-0.5,-0.5,-0.5,-0.5,-0.5
986,-0.5,-0.5,-0.5,-0.5,-0.5,-0.5
987,-0.5,-0.5,-0.5,-0.5,-0.5,-0.5
988,-0.5,-0.5,-0.5,-0.5,-0.5,-0.5
989,-0.5,-0.5,-0.5,-0.5,-0.5,-0.5
990,-0.5,-0.5,-0.5,-0.5,-0.5,-0.5
991,-0.5,-0.5,-0.5,-0.5,-0.5,-0.5
992,-0.5,-0.5,-0.5,-0.5,-0.5,-0.5
993,-0.5,-0.5,-0.5,-0.5,-0.5,-0.5
994,-0.5,-0.5,-0.5,-0.5,-0.5,-0.5
995,-0.5,-0.5,-0.5,-0.5,-0.5,-0.5
996,-0.5,-0.5,-0.5,-0.5,-0.5,-0.5
997,-0.5,-0.5,-0.5,-0.5,-0.5,-0.5
998,-0.5,-0.5,-0.5,-0.5,-0.5,-0.5
999,-0.5,-0.5,-0.5,-0.5,-0.5,-0.5
1000,-0.5,-0.5,-0.5,-0.5,-0.5,-0.5
1001,-0.5,-0.5,-0.5,-0.5,-0.5,-0.5
1002,-0.5,-0.5,-0.5,-0.5,-0.5,-0.5
1003,-0.5,-0.5,-0.5,-0.5,-0.5,-0.5
1004,-0.5,-0.5,-0.5,-0.5,-0.5,-0.5
1005,-0.5,-0.5,-0.5,-0.5,-0.5,-0.5
1006,-0.5,-0.5,-0.5,-0.5,-0.5,-0.5
1007,-0.5,-0.5,-0.5,-0.5,-0.5,-0.5
1008,-0.5,-0.5,-0.5,-0.5,-0.5,-0.5
1009,-0.5,-0.5,-0.5,-0.5,-0.5,-0.5
1010,-0.5,-0.5,-0.5,-0.5,-0.5,-0.5
1011,-0.5,-0.5,-0.5,-0.5,-0.5,-0.5
1012,-0.5,-0.5,-0.5,-0.5,-0.5,-0.5
1013,-0.5,-0.5,-0.5,-0.5,-0.5,-0.5
1014,-0.5,-0.5,-0.5,-0.5,-0.5,-0.5
1015,-0.5,-0.5,-0.5,-0.5,-0.5,-0.5
1016,-0.5,-0.5,-0.5,-0.5,-0.5,-0.5
1017,-0.5,-0.5,-0.5,-0.5,-0.5,-0.5
1018,-0.5,-0.5,-0.5,-0.5,-0.5,-0.5
1019,-0.5,-0.5,-0.5,-0.5,-0.5,-0.5
1020,-0.5,-0.5,-0.5,-0.5,-0.5,-0.5
1021,-0.5,-0.5,-0.5,-0.5,-0.5,-0.5
1022,-0.5,-0.5,-0.5,-0.5,-0.5,-0.5
1023,-0.5,-0.5,-0.5,-0.5,-0.5,-0.5
1024,-0.5,-0.5,-0.5,-0.5,-0.5,-0.5
1025,-0.5,-0.5,-0.5,-0.5,-0.5,-0.5
1026,-0.5,-0.5,-0.5,-0.5,-0.5,-0.5
1027,-0.5,-0.5,-0.5,-0.5,-0.5,-0.5
1028,-0.5,-0.5,-0.5,-0.5,-0.5,-0.5
1029,-0.5,-0.5,-0.5,-0.5,-0.5,-0.5
1030,-0.5,-0.5,-0.5,-0.5,-0.5,-0.5
1031,-0.5,-0.5,-0.5,-0.5,-0.5,-0.5
1032,-0.5,-0.5,-0.5,-0.5,-0.5,-0.5
1033,-0.5,-0.5,-0.5,-0.5,-0.5,-0.5
1034,-0.5,-0.5,-0.5,-0.5,-0.5,-0.5
1035,-0.5,-0.5,-0.5,-0.5,-0.5,-0.5
1036,-0.5,-0.5,-0.5,-0.5,-0.5,-0.5
1037,-0.5,-0.5,-0.5,-0.5,-0.5,-0.5
1038,-0.5,-0.5,-0.5,-0.5,-0.5,-0.5
1039,-0.5,-0.5,-0.5,-0.5,-0.5,-0.5
1040,-0.5,-0.5,-0.5,-0.5,-0.5,-0.5
1041,-0.5,-0.5,-0.5,-0.5,-0.5,-0.5
1042,-0.5,-0.5,-0.5,-0.5,-0.5,-0.5
1043,-0.5,-0.5,-0.5,-0.5,-0.5,-0.5
1044,-0.5,-0.5,-0.5,-0.5,-0.5,-0.5
1045,-0.5,-0.5,-0.5,-0.5,-0.5,-0.5
1046,-0.5,-0.5,-0.5,-0.5,-0.5,-0.5
1047,-0.5,-0.5,-0.5,-0.5,-0.5,-0.5
1048,-0.5,-0.5,-0.5,-0.5,-0.5,-0.5
1049,-0.5,-0.5,-0.5,-0.5,-0.5,-0.5
1050,-0.5,-0.5,-0.5,-0.5,-0.5,-0.5
1051,-0.5,-0.5,-0.5,-0.5,-0.5,-0.5
1052,-0.5,-0.5,-0.5,-0.5,-0.5,-0.5
1053,-0.5,-0.5,-0.5,-0.5,-0.5,-0.5
1054,-0.5,-0.5,-0.5,-0.5,-0.5,-0.5
1055,-0.5,-0.5,-0.5,-0.5,-0.5,-0.5
1056,-0.5,-0.5,-0.5,-0.5,-0.5,-0.5
1057,-0.5,-0.5,-0.5,-0.5,-0.5,-0.5
1058,-0.5,-0.5,-0.5,-0.5,-0.5,-0.5
1059,-0.5,-0.5,-0.5,-0.5,-0.5,-0.5
1060,-0.5,-0.5,-0.5,-0.5,-0.5,-0.5
1061,-0.5,-0.5,-0.5,-0.5,-0.5,-0.5
1062,-0.5,-0.5,-0.5,-0.5,-0.5,-0.5
1063,-0.5,-0.5,-0.5,-0.5,-0.5,-0.5
1064,-0.5,-0.5,-0.5,-0.5,-0.5,-0.5
1065,-0.5,-0.5,-0.5,-0.5,-0.5,-0.5
1066,-0.5,-0.5,-0.5,-0.5,-0.5,-0.5
1067,-0.5,-0.5,-0.5,-0.5,-0.5,-0.5
1068,-0.5,-0.5,-0.5,-0.5,-0.5,-0.5
1069,-0.5,-0.5,-0.5,-0.5,-0.5,-0.5
1070,-0.5,-0.5,-0.5,-0.5,-0.5,-0.5
1071,-0.5,-0.5,-0.5,-0.5,-0.5,-0.5
1072,-0.5,-0.5,-0.5,-0.5,-0.5,-0.5
1073,-0.5,-0.5,-0.5,-0.5,-0.5,-0.5
1074,-0.5,-0.5,-0.5,-0.5,-0.5,-0.5
1075,-0.5,-0.5,-0.5,-0.5,-0.5,-0.5
1076,-0.5,-0.5,-0.5,-0.5,-0.5,-0.5
1077,-0.5,-0.5,-0.5,-0.5,-0.5,-0.5
1078,-0.5,-0.5,-0.5,-0.5,-0.5,-0.5
1079,-0.5,-0.5,-0.5,-0.5,-0.5,-0.5
1080,-0.5,-0.5,-0.5,-0.5,-0.5,-0.5
1081,-0.5,-0.5,-0.5,-0.5,-0.5,-0.5
1082,-0.5,-0.5,-0.5,-0.5,-0.5,-0.5
1083,-0.5,-0.5,-0.5,-0.5,-0.5,-0.5
1084,-0.5,-0.5,-0.5,-0.5,-0.5,-0.5
1085,-0.5,-0.5,-0.5,-0.5,-0.5,-0.5
1086,-0.5,-0.5,-0.5,-0.5,-0.5,-0.5
1087,-0.5,-0.5,-0.5,-0.5,-0.5,-0.5
1088,-0.5,-0.5,-0.5,-0.5,-0.5,-0.5
1089,-0.5,-0.5,-0.5,-0.5,-0.5,-0.5
1090,-0.5,-0.5,-0.5,-0.5,-0.5,-0.5
1091,-0.5,-0.5,-0.5,-0.5,-0.5,-0.5
1092,-0.5,-0.5,-0.5,-0.5,-0.5,-0.5
1093,-0.5,-0.5,-0.5,-0.5,-0.5,-0.5
1094,-0.5,-0.5,-0.5,-0.5,-0.5,-0.5
1095,-0.5,-0.5,-0.5,-0.5,-0.5,-0.5
1096,-0.5,-0.5,-0.5,-0.5,-0.5,-0.5
1097,-0.5,-0.5,-0.5,-0.5,-0.5,-0.5
1098,-0.5,-0.5,-0.5,-0.5,-0.5,-0.5
1099,-0.5,-0.5,-0.5,-0.5,-0.5,-0.5
1100,-0.5,-0.5,-0.5,-0.5,-0.5,-0.5
1101,-0.5,-0.5,-0.5,-0.5,-0.5,-0.5
1102,-0.5,-0.5,-0.5,-0.5,-0.5,-0.5
1103,-0.5,-0.5,-0.5,-0.5,-0.5,-0.5
1104,-0.5,-0.5,-0.5,-0.5,-0.5,-0.5
1105,-0.5,-0.5,-0.5,-0.5,-0.5,-0.5
1106,-0.5,-0.5,-0.5,-0.5,-0.5,-0.5
1107,-0.5,-0.5,-0.5,-0.5,-0.5,-0.5
1108,-0.5,-0.5,-0.5,-0.5,-0.5,-0.5
1109,-0.5,-0.5,-0.5,-0.5,-0.5,-0.5
1110,-0.5,-0.5,-0.5,-0.5,-0.5,-0.5
1111,-0.5,-0.5,-0.5,-0.5,-0.5,-0.5
1112,-0.5,-0.5,-0.5,-0.5,-0.5,-0.5
1113,-0.5,-0.5,-0.5,-0.5,-0.5,-0.5
1114,-0.5,-0.5,-0.5,-0.5,-0.5,-0.5
1115,-0.5,-0.5,-0.5,-0.5,-0.5,-0.5
1116,-0.5,-0.5,-0.5,-0.5,-0.5,-0.5
1117,-0.5,-0.5,-0.5,-0.5,-0.5,-0.5
1118,-0.5,-0.5,-0.5,-0.5,-0.5,-0.5
1119,-0.5,-0.5,-0.5,-0.5,-0.5,-0.5
1120,-0.5,-0.5,-0.5,-0.5,-0.5,-0.5
1121,-0.5,-0.5,-0.5,-0.5,-0.5,-0.5
1122,-0.5,-0.5,-0.5,-0.5,-0.5,-0.5
1123,-0.5,-0.5,-0.5,-0.5,-0.5,-0.5
1124,-0.5,-0.5,-0.5,-0.5,-0.5,-0.5
1125,-0.5,-0.5,-0.5,-0.5,-0.5,-0.5
1126,-0.5,-0.5,-0.5,-0.5,-0.5,-0.5
1127,-0.5,-0.5,-0.5,-0.5,-0.5,-0.5
1128,-0.5,-0.5,-0.5,-0.5,-0.5,-0.5
1129,-0.5,-0.5,-0.5,-0.5,-0.5,-0.5
1130,-0.5,-0.5,-0.5,-0.5,-0.5,-0.5
1131,-0.5,-0.5,-0.5,-0.5,-0.5,-0.5
1132,-0.5,-0.5,-0.5,-0.5,-0.5,-0.5
1133,-0.5,-0.5,-0.5,-0.5,-0.5,-0.5
1134,-0.5,-0.5,-0.5,-0.5,-0.5,-0.5
1135,-0.5,-0.5,-0.5,-0.5,-0.5,-0.5
1136,-0.5,-0.5,-0.5,-0.5,-0.5,-0.5
1137,-0.5,-0.5,-0.5,-0.5,-0.5,-0.5
1138,-0.5,-0.5,-0.5,-0.5,-0.5,-0.5
1139,-0.5,-0.5,-0.5,-0.5,-0.5,-0.5
1140,-0.5,-0.5,-0.5,-0.5,-0.5,-0.5
1141,-0.5,-0.5,-0.5,-0.5,-0.5,-0.5
1142,-0.5,-0.5,-0.5,-0.5,-0.5,-0.5
1143,-0.5,-0.5,-0.5,-0.5,-0.5,-0.5
1144,-0.5,-0.5,-0.5,-0.5,-0.5,-0.5
1145,-0.5,-0.5,-0.5,-0.5,-0.5,-0.5
1146,-0.5,-0.5,-0.5,-0.5,-0.5,-0.5
1147,-0.5,-0.5,-0.5,-0.5,-0.5,-0.5
1148,-0.5,-0.5,-0.5,-0.5,-0.5,-0.5
1149,-0.5,-0.5,-0.5,-0.5,-0.5,-0.5
1150,-0.5,-0.5,-0.5,-0.5,-0.5,-0.5
1151,-0.5,-0.5,-0.5,-0.5,-0.5,-0.5
1152,-0.5,-0.5,-0.5,-0.5,-0.5,-0.5
1153,-0.5,-0.5,-0.5,-0.5,-0.5,-0.5
1154,-0.5,-0.5,-0.5,-0.5,-0.5,-0.5
1155,-0.5,-0.5,-0.5,-0.5,-0.5,-0.5
1156,-0.5,-0.5,-0.5,-0.5,-0.5,-0.5
1157,-0.5,-0.5,-0.5,-0.5,-0.5,-0.5
1158,-0.5,-0.5,-0.5,-0.5,-0.5,-0.5
1159,-0.5,-0.5,-0.5,-0.5,-0.5,-0.5
1160,-0.5,-0.5,-0.5,-0.5,-0.5,-0.5
1161,-0.5,-0.5,-0.5,-0.5,-0.5,-0.5
1162,-0.5,-0.5,-0.5,-0.5,-0.5,-0.5
1163,-0.5,-0.5,-0.5,-0.5,-0.5,-0.5
1164,-0.5,-0.5,-0.5,-0.5,-0.5,-0.5
1165,-0.5,-0.5,-0.5,-0.5,-0.5,-0.5
1166,-0.5,-0.5,-0.5,-0.5,-0.5,-0.5
1167,-0.5,-0.5,-0.5,-0.5,-0.5,-0.5
1168,-0.5,-0.5,-0.5,-0.5,-0.5,-0.5
1169,-0.5,-0.5,-0.5,-0.5,-0.5,-0.5
1170,-0.5,-0.5,-0.5,-0.5,-0.5,-0.5
1171,-0.5,-0.5,-0.5,-0.5,-0.5,-0.5
1172,-0.5,-0.5,-0.5,-0.5,-0.5,-0.5
1173,-0.5,-0.5,-0.5,-0.5,-0.5,-0.5
1174,-0.5,-0.5,-0.5,-0.5,-0.5,-0.5
1175,-0.5,-0.5,-0.5,-0.5,-0.5,-0.5
1176,-0.5,-0.5,-0.5,-0.5,-0.5,-0.5
1177,-0.5,-0.5,-0.5,-0.5,-0.5,-0.5
1178,-0.5,-0.5,-0.5,-0.5,-0.5,-0.5
1179,-0.5,-0.5,-0.5,-0.5,-0.5,-0.5
1180,-0.5,-0.5,-0.5,-0.5,-0.5,-0.5
1181,-0.5,-0.5,-0.5,-0.5,-0.5,-0.5
1182,-0.5,-0.5,-0.5,-0.5,-0.5,-0.5
1183,-0.5,-0.5,-0.5,-0.5,-0.5,-0.5
1184,-0.5,-0.5,-0.5,-0.5,-0.5,-0.5
1185,-0.5,-0.5,-0.5,-0.5,-0.5,-0.5
1186,-0.5,-0.5,-0.5,-0.5,-0.5,-0.5
1187,-0.5,-0.5,-0.5,-0.5,-0.5,-0.5
1188,-0.5,-0.5,-0.5,-0.5,-0.5,-0.5
1189,-0.5,-0.5,-0.5,-0.5,-0.5,-0.5
1190,-0.5,-0.5,-0.5,-0.5,-0.5,-0.5
1191,-0.5,-0.5,-0.5,-0.5,-0.5,-0.5
1192,-0.5,-0.5,-0.5,-0.5,-0.5,-0.5
1193,-0.5,-0.5,-0.5,-0.5,-0.5,-0.5
1194,-0.5,-0.5,-0.5,-0.5,-0.5,-0.5
1195,-0.5,-0.5,-0.5,-0.5,-0.5,-0.5
1196,-0.5,-0.5,-0.5,-0.5,-0.5,-0.5
1197,-0.5,-0.5,-0.5,-0.5,-0.5,-0.5
1198,-0.5,-0.5,-0.5,-0.5,-0.5,-0.5
1199,-0.5,-0.5,-0.5,-0.5,-0.5,-0.5
1200,-0.5,-0.5,-0.5,-0.5,-0.5,-0.5
1201,-0.5,-0.5,-0.5,-0.5,-0.5,-0.5
1202,-0.5,-0.5,-0.5,-0.5,-0.5,-0.5
1203,-0.5,-0.5,-0.5,-0.5,-0.5,-0.5
1204,-0.5,-0.5,-0.5,-0.5,-0.5,-0.5
1205,-0.5,-0.41060283780098,-0.5,-0.5,-0.5,-0.5
1206,-0.5,-0.377658724784851,-0.5,-0.5,-0.5,-0.5
1207,-0.5,-0.418198764324188,-0.5,-0.5,-0.5,-0.5
1208,-0.5,-0.468187749385834,-0.5,-0.5,-0.5,-0.5
1209,-0.5,-0.459696233272552,-0.5,-0.5,-0.5,-0.5
1210,-0.5,-0.356817305088043,-0.5,-0.5,-0.5,-0.5
1211,-0.5,-0.174857914447784,-0.365475922822952,-0.464682191610336,-0.5,-0.5
1212,-0.5,0.03270123898983,-0.137957468628883,-0.254077225923538,-0.355822145938873,-0.426107287406921
1213,-0.5,0.203181505203247,0.0605278126895428,-0.0693767368793488,-0.164176404476166,-0.198060974478722
1214,-0.5,0.286719679832459,0.168980598449707,0.0336208269000053,-0.0522313676774502,-0.0695843771100044
1215,-0.5,0.279181659221649,0.173044770956039,0.0398513190448284,-0.0342399850487709,-0.0552270226180553
1216,-0.5,0.237740755081177,0.126289859414101,0.000473923806566745,-0.064106211066246,-0.0886968001723289
1217,-0.5,0.232931286096573,0.104829363524914,-0.00973203685134649,-0.0710882171988487,-0.0891328305006027
1218,-0.5,0.297509610652924,0.15699428319931,0.0551417842507362,-0.00631579011678696,-0.0150847043842077
1219,-0.422396510839462,0.42376896739006,0.28458771109581,0.197352662682533,0.137607932090759,0.136544689536095
1220,-0.123800456523895,0.5,0.446323990821838,0.378338247537613,0.327189177274704,0.331717252731323
1221,0.179775133728981,0.5,0.5,0.5,0.5,0.5
1222,0.407265484333038,0.5,0.5,0.5,0.5,0.5
1223,0.5,0.5,0.5,0.5,0.5,0.5
1224,0.5,0.5,0.5,0.5,0.5,0.5
1225,0.47088298201561,0.5,0.5,0.5,0.5,0.5
1226,0.5,0.5,0.5,0.5,0.5,0.5
1227,0.5,0.5,0.5,0.5,0.5,0.5
1228,0.5,0.5,0.5,0.5,0.5,0.5
1229,0.5,0.5,0.5,0.5,0.5,0.5
1230,0.5,0.5,0.5,0.5,0.5,0.5
1231,0.5,0.5,0.5,0.5,0.5,0.5
1232,0.5,0.5,0.5,0.5,0.5,0.5
1233,0.5,0.5,0.5,0.5,0.5,0.5
1234,0.5,0.5,0.5,0.5,0.5,0.5
1235,0.5,0.5,0.5,0.5,0.5,0.5
1236,0.5,0.5,0.5,0.5,0.5,0.5
1237,0.5,0.5,0.5,0.5,0.5,0.5
1238,0.5,0.5,0.5,0.5,0.5,0.5
1239,0.5,0.5,0.5,0.5,0.5,0.5
1240,0.5,0.5,0.5,0.5,0.5,0.5
1241,0.5,0.5,0.5,0.5,0.5,0.5
1242,0.5,0.5,0.5,0.5,0.5,0.5
1243,0.5,0.5,0.5,0.5,0.5,0.5
1244,0.5,0.5,0.5,0.5,0.5,0.5
1245,0.5,0.5,0.5,0.5,0.5,0.5
1246,0.5,0.5,0.5,0.5,0.5,0.5
1247,0.5,0.5,0.5,0.5,0.5,0.5
1248,0.5,0.5,0.5,0.5,0.5,0.5
1249,0.5,0.5,0.5,0.5,0.5,0.5
1250,0.5,0.5,0.5,0.5,0.5,0.5
1251,0.5,0.5,0.5,0.5,0.5,0.5
1252,0.5,0.5,0.5,0.5,0.5,0.5
1253,0.5,0.5,0.5,0.5,0.5,0.5
1254,0.5,0.5,0.5,0.5,0.5,0.5
1255,0.5,0.5,0.5,0.5,0.5,0.5
1256,0.5,0.5,0.5,0.5,0.5,0.5
1257,0.5,0.5,0.5,0.5,0.5,0.5
1258,0.5,0.5,0.5,0.5,0.5,0.5
1259,0.5,0.5,0.5,0.5,0.5,0.5
1260,0.5,0.5,0.5,0.5,0.5,0.5
1261,0.5,0.5,0.5,0.5,0.5,0.5
1262,0.5,0.5,0.5,0.5,0.5,0.5
1263,0.5,0.5,0.5,0.5,0.5,0.5
1264,0.5,0.5,0.5,0.5,0.5,0.5
1265,0.5,0.5,0.5,0.5,0.5,0.5
1266,0.5,0.5,0.5,0.5,0.5,0.5
1267,0.5,0.5,0.5,0.5,0.5,0.5
1268,0.5,0.5,0.5,0.5,0.5,0.5
1269,0.5,0.5,0.5,0.5,0.5,0.5
1270,0.5,0.5,0.5,0.5,0.5,0.5
1271,0.5,0.5,0.5,0.5,0.5,0.5
1272,0.5,0.5,0.5,0.5,0.5,0.5
1273,0.5,0.5,0.5,0.5,0.5,0.5
1274,0.5,0.5,0.5,0.5,0.5,0.5
1275,0.5,0.5,0.5,0.5,0.5,0.5
1276,0.5,0.5,0.5,0.5,0.5,0.5
1277,0.5,0.5,0.5,0.5,0.5,0.5
1278,0.5,0.5,0.5,0.5,0.5,0.5
1279,0.5,0.5,0.5,0.5,0.5,0.5
1280,0.5,0.5,0.5,0.5,0.5,0.5
1281,0.5,0.5,0.5,0.5,0.5,0.5
1282,0.5,0.5,0.5,0.5,0.5,0.5
1283,0.5,0.5,0.5,0.5,0.5,0.5
1284,0.5,0.5,0.5,0.5,0.5,0.5
1285,0.5,0.5,0.5,0.5,0.5,0.5
1286,0.5,0.5,0.5,0.5,0.5,0.5
1287,0.5,0.5,0.5,0.5,0.5,0.5
1288,0.5,0.5,0.5,0.5,0.5,0.5
1289,0.5,0.5,0.5,0.5,0.5,0.5
1290,0.5,0.5,0.5,0.5,0.5,0.5
1291,0.5,0.5,0.5,0.5,0.5,0.5
1292,0.5,0.5,0.5,0.5,0.5,0.5
1293,0.5,0.5,0.5,0.5,0.5,0.5
1294,0.5,0.5,0.5,0.5,0.5,0.5
1295,0.5,0.5,0.5,0.5,0.5,0.5
1296,0.5,0.5,0.5,0.5,0.5,0.5
1297,0.5,0.5,0.5,0.5,0.5,0.5
1298,0.5,0.5,0.5,0.5,0.5,0.5
1299,0.5,0.5,0.5,0.5,0.5,0.5
1300,0.5,0.5,0.5,0.5,0.5,0.5
1301,0.5,0.5,0.5,0.5,0.5,0.5
1302,0.5,0.5,0.5,0.5,0.5,0.5
1303,0.5,0.5,0.5,0.5,0.5,0.5
1304,0.5,0.5,0.5,0.5,0.5,0.5
1305,0.5,0.5,0.5,0.5,0.5,0.5
1306,0.5,0.5,0.5,0.5,0.5,0.5
1307,0.5,0.5,0.5,0.5,0.5,0.5
1308,0.5,0.5,0.5,0.5,0.5,0.5
1309,0.5,0.5,0.5,0.5,0.5,0.5
1310,0.5,0.5,0.5,0.5,0.5,0.5
1311,0.5,0.5,0.5,0.5,0.5,0.5
1312,0.5,0.5,0.5,0.5,0.5,0.5
1313,0.5,0.5,0.5,0.5,0.5,0.5
1314,0.5,0.5,0.5,0.5,0.5,0.5
1315,0.5,0.5,0.5,0.5,0.5,0.5
1316,0.5,0.5,0.5,0.5,0.5,0.5
1317,0.5,0.5,0.5,0.5,0.5,0.5
1318,0.5,0.5,0.5,0.5,0.5,0.5
1319,0.5,0.5,0.5,0.5,0.5,0.5
1320,0.5,0.5,0.5,0.5,0.5,0.5
1321,0.5,0.5,0.5,0.5,0.5,0.5
1322,0.5,0.5,0.5,0.5,0.5,0.5
1323,0.5,0.5,0.5,0.5,0.5,0.5
1324,0.5,0.5,0.5,0.5,0.5,0.5
1325,0.5,0.5,0.5,0.5,0.5,0.5
1326,0.5,0.5,0.5,0.5,0.5,0.5
1327,0.5,0.5,0.5,0.5,0.5,0.5
1328,0.5,0.5,0.5,0.5,0.5,0.5
1329,0.5,0.5,0.5,0.5,0.5,0.5
1330,0.5,0.5,0.5,0.5,0.5,0.5
1331,0.5,0.5,0.5,0.5,0.5,0.5
1332,0.5,0.5,0.5,0.5,0.5,0.5
1333,0.5,0.5,0.5,0.5,0.5,0.5
1334,0.5,0.5,0.5,0.5,0.5,0.5
1335,0.5,0.5,0.5,0.5,0.5,0.5
1336,0.5,0.5,0.5,0.5,0.5,0.5
1337,0.5,0.5,0.5,0.5,0.5,0.5
1338,0.5,0.5,0.5,0.5,0.5,0.5
1339,0.5,0.5,0.5,0.5,0.5,0.5
1340,0.5,0.5,0.5,0.5,0.5,0.5
1341,0.5,0.5,0.5,0.5,0.5,0.5
1342,0.5,0.5,0.5,0.5,0.5,0.5
1343,0.5,0.5,0.5,0.5,0.5,0.5
1344,0.5,0.5,0.5,0.5,0.5,0.5
1345,0.5,0.5,0.5,0.5,0.5,0.5
1346,0.5,0.5,0.5,0.5,0.5,0.5
1347,0.5,0.5,0.5,0.5,0.5,0.5
1348,0.5,0.5,0.5,0.5,0.5,0.5
1349,0.5,0.5,0.5,0.5,0.5,0.5
1350,0.5,0.5,0.5,0.5,0.5,0.5
1351,0.5,0.5,0.5,0.5,0.5,0.5
1352,0.5,0.5,0.5,0.5,0.5,0.5
1353,0.5,0.5,0.5,0.5,0.5,0.5
1354,0.5,0.5,0.5,0.5,0.5,0.5
1355,0.5,0.5,0.5,0.5,0.5,0.5
1356,0.5,0.5,0.5,0.5,0.5,0.5
1357,0.5,0.5,0.5,0.5,0.5,0.5
1358,0.5,0.5,0.5,0.5,0.5,0.5
1359,0.5,0.5,0.5,0.5,0.5,0.5
1360,0.5,0.5,0.5,0.5,0.5,0.5
1361,0.5,0.5,0.5,0.5,0.5,0.5
1362,0.5,0.5,0.5,0.5,0.5,0.5
1363,0.5,0.5,0.5,0.5,0.5,0.5
1364,0.5,0.5,0.5,0.5,0.5,0.5
1365,0.5,0.5,0.5,0.5,0.5,0.5
1366,0.5,0.5,0.5,0.5,0.5,0.5
1367,0.5,0.5,0.5,0.5,0.5,0.5
1368,0.5,0.5,0.5,0.5,0.5,0.5
1369,0.5,0.5,0.5,0.5,0.5,0.5
1370,0.5,0.5,0.5,0.5,0.5,0.5
1371,0.5,0.5,0.5,0.5,0.5,0.5
1372,0.5,0.5,0.5,0.5,0.5,0.5
1373,0.5,0.5,0.5,0.5,0.5,0.5
1374,0.5,0.5,0.5,0.5,0.5,0.5
1375,0.5,0.5,0.5,0.5,0.5,0.5
1376,0.5,0.5,0.5,0.5,0.5,0.5
1377,0.5,0.5,0.5,0.5,0.5,0.5
1378,0.5,0.5,0.5,0.5,0.5,0.5
1379,0.5,0.5,0.5,0.5,0.5,0.5
1380,0.5,0.5,0.5,0.5,0.5,0.5
1381,0.5,0.5,0.5,0.5,0.5,0.5
1382,0.5,0.5,0.5,0.5,0.5,0.5
1383,0.5,0.5,0.5,0.5,0.5,0.5
1384,0.5,0.5,0.5,0.5,0.5,0.5
1385,0.5,0.5,0.5,0.5,0.5,0.5
1386,0.5,0.5,0.5,0.5,0.5,0.5
1387,0.5,0.5,0.5,0.5,0.5,0.5
1388,0.5,0.5,0.5,0.5,0.5,0.5
1389,0.5,0.5,0.5,0.5,0.5,0.5
1390,0.5,0.5,0.5,0.5,0.5,0.5
1391,0.5,0.5,0.5,0.5,0.5,0.5
1392,0.5,0.5,0.5,0.5,0.5,0.5
1393,0.5,0.5,0.5,0.5,0.5,0.5
1394,0.5,0.5,0.5,0.5,0.5,0.5
1395,0.5,0.5,0.5,0.5,0.5,0.5
1396,0.5,0.5,0.5,0.5,0.5,0.5
1397,0.5,0.5,0.5,0.5,0.5,0.5
1398,0.5,0.5,0.5,0.5,0.5,0.5
1399,0.5,0.5,0.5,0.5,0.5,0.5
1400,0.5,0.5,0.5,0.5,0.5,0.5
1401,0.5,0.5,0.5,0.5,0.5,0.5
1402,0.5,0.5,0.5,0.5,0.5,0.5
1403,0.5,0.5,0.5,0.5,0.5,0.5
1404,0.5,0.5,0.5,0.5,0.5,0.5
1405,0.5,0.5,0.5,0.5,0.5,0.5
1406,0.5,0.5,0.5,0.5,0.5,0.5
1407,0.5,0.5,0.5,0.5,0.5,0.5
1408,0.5,0.5,0.5,0.5,0.5,0.5
1409,0.5,0.5,0.5,0.5,0.5,0.5
1410,0.5,0.5,0.5,0.5,0.5,0.5
1411,0.5,0.5,0.5,0.5,0.5,0.5
1412,0.5,0.5,0.5,0.5,0.5,0.5
1413,0.5,0.5,0.5,0.5,0.5,0.5
1414,0.5,0.5,0.5,0.5,0.5,0.5
1415,0.5,0.5,0.5,0.5,0.5,0.5
1416,0.5,0.5,0.5,0.5,0.5,0.5
1417,0.5,0.5,0.5,0.5,0.5,0.5
1418,0.5,0.5,0.5,0.5,0.5,0.5
1419,0.5,0.5,0.5,0.5,0.5,0.5
1420,0.5,0.5,0.5,0.5,0.5,0.5
1421,0.5,0.5,0.5,0.5,0.5,0.5
1422,0.5,0.5,0.5,0.5,0.5,0.5
1423,0.5,0.5,0.5,0.5,0.5,0.5
1424,0.5,0.5,0.5,0.5,0.5,0.5
1425,0.5,0.5,0.5,0.5,0.5,0.5
1426,0.5,0.5,0.5,0.5,0.5,0.5
1427,0.5,0.5,0.5,0.5,0.5,0.5
1428,0.5,0.5,0.5,0.5,0.5,0.5
1429,0.5,0.5,0.5,0.5,0.5,0.5
1430,0.5,0.5,0.5,0.5,0.5,0.5
1431,0.5,0.5,0.5,0.5,0.5,0.5
1432,0.5,0.5,0.5,0.5,0.5,0.5
1433,0.5,0.5,0.5,0.5,0.5,0.5
1434,0.5,0.5,0.5,0.5,0.5,0.5
1435,0.5,0.5,0.5,0.5,0.5,0.5
1436,0.5,0.5,0.5,0.5,0.5,0.5
1437,0.5,0.5,0.5,0.5,0.5,0.5
1438,0.5,0.5,0.5,0.5,0.5,0.5
1439,0.5,0.5,0.5,0.5,0.5,0.5
1440,0.5,0.5,0.5,0.5,0.5,0.5
1441,0.5,0.5,0.5,0.5,0.5,0.5
1442,0.5,0.5,0.5,0.5,0.5,0.5
1443,0.5,0.5,0.5,0.5,0.5,0.5
1444,0.5,0.5,0.5,0.5,0.5,0.5
1445,0.5,0.5,0.5,0.5,0.5,0.5
1446,0.5,0.5,0.5,0.5,0.5,0.5
1447,0.5,0.5,0.5,0.5,0.5,0.5
1448,0.5,0.5,0.5,0.5,0.5,0.5
1449,0.5,0.5,0.5,0.5,0.5,0.5
1450,0.5,0.5,0.5,0.5,0.5,0.5
1451,0.5,0.5,0.5,0.5,0.5,0.5
1452,0.5,0.5,0.5,0.5,0.5,0.5
1453,0.5,0.5,0.5,0.5,0.5,0.5
1454,0.5,0.5,0.5,0.5,0.5,0.5
1455,0.5,0.5,0.5,0.5,0.5,0.5
1456,0.5,0.5,0.5,0.5,0.5,0.5
1457,0.5,0.5,0.5,0.5,0.5,0.5
1458,0.5,0.5,0.5,0.5,0.5,0.5
1459,0.5,0.5,0.5,0.5,0.5,0.5
1460,0.5,0.5,0.5,0.5,0.5,0.5
1461,0.5,0.5,0.5,0.5,0.5,0.5
1462,0.5,0.5,0.5,0.5,0.5,0.5
1463,0.5,0.5,0.5,0.5,0.5,0.5
1464,0.5,0.5,0.5,0.5,0.5,0.5
1465,0.5,0.5,0.5,0.5,0.5,0.5
1466,0.5,0.5,0.5,0.5,0.5,0.5
1467,0.5,0.5,0.5,0.5,0.5,0.5
1468,0.5,0.5,0.5,0.5,0.5,0.5
1469,0.5,0.5,0.5,0.5,0.5,0.5
1470,0.5,0.5,0.5,0.5,0.5,0.5
1471,0.5,0.5,0.5,0.5,0.5,0.5
1472,0.5,0.5,0.5,0.5,0.5,0.5
1473,0.5,0.5,0.5,0.5,0.5,0.5
1474,0.5,0.5,0.5,0.5,0.5,0.5
1475,0.5,0.5,0.5,0.5,0.5,0.5
1476,0.5,0.5,0.5,0.5,0.5,0.5
1477,0.5,0.5,0.5,0.5,0.5,0.5
1478,0.5,0.497067600488663,0.5,0.5,0.5,0.5
1479,0.5,0.462592899799347,0.5,0.5,0.5,0.5
1480,0.5,0.441788852214813,0.447629928588867,0.460610747337341,0.5,0.5
1481,0.5,0.421059876680374,0.410122841596603,0.438268721103668,0.5,0.5
1482,0.5,0.408130317926407,0.442861586809158,0.472142606973648,0.5,0.5
1483,0.5,0.414560586214066,0.5,0.5,0.5,0.5
1484,0.5,0.429925709962845,0.5,0.5,0.5,0.5
1485,0.5,0.443432360887527,0.5,0.5,0.5,0.5
1486,0.5,0.455122113227844,0.5,0.5,0.5,0.5
1487,0.5,0.461727023124695,0.5,0.5,0.5,0.5
1488,0.5,0.456438183784485,0.466932356357574,0.434767752885818,0.5,0.5
1489,0.5,0.446620583534241,0.448514610528946,0.407588452100754,0.497562348842621,0.5
1490,0.5,0.447640895843506,0.487818330526352,0.432094365358353,0.5,0.5
1491,0.5,0.456514209508896,0.5,0.483519792556763,0.5,0.5
1492,0.5,0.458808481693268,0.5,0.5,0.5,0.5
1493,0.5,0.450832307338715,0.5,0.5,0.5,0.5
1494,0.5,0.440091490745544,0.5,0.5,0.5,0.5
1495,0.5,0.423312187194824,0.494953960180283,0.486512362957001,0.5,0.5
1496,0.5,0.386539131402969,0.440201908349991,0.436672687530518,0.472697257995605,0.5
1497,0.5,0.342670023441315,0.383672028779984,0.38077700138092,0.434619396924973,0.483221262693405
1498,0.5,0.320629239082336,0.33956378698349,0.338062077760696,0.403184026479721,0.431869894266129
1499,0.5,0.323152035474777,0.325161427259445,0.321893155574799,0.386331230401993,0.407917618751526
1500,0.5,0.332637906074524,0.338239699602127,0.326157450675964,0.380522936582565,0.408151209354401
1501,0.5,0.334319263696671,0.35315266251564,0.328154385089874,0.372133105993271,0.412235260009766
1502,0.5,0.319299697875977,0.346398770809174,0.309342503547668,0.354588985443115,0.400917917490005
1503,0.5,0.293961316347122,0.323591589927673,0.277931720018387,0.339633166790009,0.371199935674667
1504,0.5,0.282103270292282,0.312043219804764,0.260571032762527,0.346036612987518,0.337454736232758
1505,0.5,0.295272320508957,0.31955024600029,0.26320344209671,0.374203413724899,0.31526318192482
1506,0.5,0.31641086935997,0.328084260225296,0.269661009311676,0.402487903833389,0.312301248311996
1507,0.5,0.319156140089035,0.328242123126984,0.274747282266617,0.408320546150208,0.324701517820358
1508,0.5,0.295979827642441,0.330735623836517,0.288326770067215,0.38923454284668,0.342613756656647
1509,0.5,0.257086515426636,0.337043166160584,0.310157239437103,0.354184865951538,0.356231778860092
1510,0.5,0.219751551747322,0.336279481649399,0.327265232801437,0.313756078481674,0.361497133970261
1511,0.5,0.206765323877335,0.336852967739105,0.338220715522766,0.29234778881073,0.371456980705261
1512,0.5,0.220820039510727,0.344795733690262,0.341963320970535,0.300881594419479,0.391700029373169
1513,0.5,0.23849031329155,0.33594286441803,0.3215312063694,0.311239838600159,0.399805665016174
1514,0.5,0.242732137441635,0.294077754020691,0.275228351354599,0.300520122051239,0.37923339009285
1515,0.5,0.235309436917305,0.238895431160927,0.227984577417374,0.279102116823196,0.338339507579803
1516,0.5,0.2278211414814,0.203368186950684,0.203487008810043,0.263967096805573,0.293526172637939
1517,0.5,0.225277334451675,0.19749353826046,0.200606197118759,0.256306558847427,0.254882752895355
1518,0.5,0.221842721104622,0.203701451420784,0.197753176093102,0.246471360325813,0.224852994084358
1519,0.5,0.21417647600174,0.207430705428123,0.185763105750084,0.234042108058929,0.20894156396389
1520,0.5,0.198667094111443,0.205191031098366,0.174470752477646,0.228382304310799,0.209869429469109
1521,0.475091934204102,0.171027973294258,0.197739943861961,0.170660153031349,0.231239780783653,0.216744735836983
1522,0.459961444139481,0.140923649072647,0.192416995763779,0.171241790056229,0.236943334341049,0.218647196888924
1523,0.462454587221146,0.12841223180294,0.194235593080521,0.170980408787727,0.244411662220955,0.218225553631783
1524,0.474163621664047,0.135602131485939,0.198698714375496,0.167951226234436,0.25242668390274,0.222243025898933
1525,0.481939136981964,0.138568833470345,0.196740388870239,0.161364793777466,0.249596029520035,0.22678679227829
1526,0.479430943727493,0.124735578894615,0.184618592262268,0.153165265917778,0.226147621870041,0.225662976503372
1527,0.464148700237274,0.110621728003025,0.170336484909058,0.150148957967758,0.189788341522217,0.226001292467117
1528,0.439104318618774,0.110393978655338,0.165282666683197,0.156970381736755,0.160737246274948,0.235317409038544
1529,0.415065914392471,0.118429511785507,0.167599648237228,0.166192293167114,0.150907695293427,0.24006649851799
1530,0.394795268774033,0.11864722520113,0.155076712369919,0.155534684658051,0.146863430738449,0.21357998251915
1531,0.370989292860031,0.0987463593482971,0.117550671100616,0.115145459771156,0.129358202219009,0.151439651846886
1532,0.346582889556885,0.0675709173083305,0.0834576785564423,0.0716616734862328,0.107288643717766,0.087345764040947
1533,0.33208292722702,0.0483482554554939,0.0789532065391541,0.0541632398962975,0.101359359920025,0.0523092374205589
1534,0.326774030923843,0.0471254922449589,0.0938102304935455,0.0611094869673252,0.110789962112904,0.0449036099016666
1535,0.319768518209457,0.0491231195628643,0.108279034495354,0.0762948840856552,0.120335668325424,0.0530872941017151
1536,0.303161710500717,0.0482097491621971,0.116604596376419,0.0855784118175507,0.11811401695013,0.0667547583580017
1537,0.27877938747406,0.0545872189104557,0.120951876044273,0.0831118077039719,0.104004465043545,0.0765687525272369
1538,0.253500312566757,0.0702236145734787,0.124069191515446,0.0732171982526779,0.0894711762666702,0.0856452360749245
1539,0.234031692147255,0.0867534056305885,0.126119315624237,0.0638894215226173,0.0858827158808708,0.108641445636749
1540,0.226117670536041,0.100428685545921,0.126814126968384,0.0637173801660538,0.0973594486713409,0.145832255482674
1541,0.228078961372375,0.102037481963634,0.117211982607841,0.067746527493,0.114510387182236,0.169165343046188
1542,0.231926172971725,0.0902617201209068,0.0853236243128777,0.0609392635524273,0.121029764413834,0.151313155889511
1543,0.233583062887192,0.0765857920050621,0.0427856706082821,0.044873621314764,0.114361256361008,0.0966256856918335
1544,0.229936093091965,0.0524385906755924,0.0108063966035843,0.0298553127795458,0.0998891666531563,0.0286334790289402
1545,0.21856527030468,0.00885342247784138,-0.00323713710531592,0.0227923523634672,0.0822863578796387,-0.0279780514538288
1546,0.205509155988693,-0.0333076901733875,0.00288181495852768,0.0309103596955538,0.0723457857966423,-0.0543857738375664
1547,0.197599455714226,-0.0494562461972237,0.0270446129143238,0.0511027686297894,0.0762145593762398,-0.0514390282332897
1548,0.193210929632187,-0.0364475548267365,0.0582726299762726,0.0701460912823677,0.0879136100411415,-0.0342220179736614
1549,0.188737809658051,-0.00318727758713067,0.0827610492706299,0.0762280747294426,0.100314117968082,-0.015182570554316
1550,0.184864848852158,0.0387309789657593,0.0886505842208862,0.0604600235819817,0.107199884951115,-0.00349659286439419
1551,0.182047992944717,0.0726454332470894,0.0752377808094025,0.0292747877538204,0.103924766182899,-0.000572242308408022
1552,0.177832320332527,0.077356331050396,0.0516355633735657,0.00459065334871411,0.0952038541436195,-0.00197651097550988
1553,0.171492382884026,0.0443867184221745,0.0235303714871407,-0.00340234837494791,0.089820995926857,-0.011489980854094
1554,0.163657709956169,-0.00386030017398298,-0.00305430218577385,-0.00107358396053314,0.0886149182915688,-0.0337858572602272
1555,0.153222426772118,-0.0418488420546055,-0.0212261155247688,0.000799156259745359,0.0850924924015999,-0.0662300363183022
1556,0.14256264269352,-0.0644215419888496,-0.0277059748768806,-0.00176273554097861,0.0792745426297188,-0.0989946201443672
1557,0.139103472232819,-0.0698578655719757,-0.0208612494170666,-0.00247223326005042,0.0800896286964417,-0.115442521870136
1558,0.147861331701279,-0.054001297801733,-0.00756441196426749,0.000857662234921008,0.090922474861145,-0.106764309108257
1559,0.164248034358025,-0.0237069576978683,-0.00211152248084545,0.000909613736439496,0.102995149791241,-0.0858817622065544
1560,0.172489777207375,-0.00238691293634474,-0.00621660379692912,-0.00598378758877516,0.104132689535618,-0.0732752680778503
1561,0.162193715572357,-0.00635206233710051,-0.00882802624255419,-0.0142437713220716,0.0921113267540932,-0.0738347545266151
1562,0.144026681780815,-0.0295300912111998,-0.0103013422340155,-0.0210731737315655,0.0738870054483414,-0.085009902715683
1563,0.130756974220276,-0.0579739958047867,-0.0194395110011101,-0.0299397744238377,0.0555538609623909,-0.106951840221882
1564,0.119410246610641,-0.0763994380831718,-0.0360525958240032,-0.0409098789095879,0.0360910035669804,-0.128373771905899
1565,0.104316256940365,-0.0729949399828911,-0.0500896610319614,-0.0470760092139244,0.0145656894892454,-0.126642793416977
1566,0.086665153503418,-0.0538361966609955,-0.0519429966807365,-0.0427904389798641,-0.0017537975218147,-0.0972327291965485
1567,0.0712792873382568,-0.0374346598982811,-0.043348278850317,-0.0321143008768559,-0.00695571675896645,-0.065246194601059
1568,0.0602898597717285,-0.0306649934500456,-0.0348435305058956,-0.0269901603460312,-0.00481717428192496,-0.056156475096941
1569,0.0497073791921139,-0.0265935268253088,-0.0346506200730801,-0.0362042337656021,-0.00296607729978859,-0.0695154592394829
1570,0.0369902700185776,-0.0210550967603922,-0.0439450480043888,-0.0573977530002594,-0.0032976483926177,-0.0891063362360001
1571,0.0250124130398035,-0.0147560378536582,-0.062466848641634,-0.0855741798877716,-0.00444560870528221,-0.104157492518425
1572,0.0147997168824077,-0.0173241086304188,-0.0938650816679001,-0.123271480202675,-0.0136060649529099,-0.118389032781124
1573,0.00501178251579404,-0.0422656089067459,-0.138278186321259,-0.17196249961853,-0.0372933819890022,-0.146778836846352
1574,-0.00231753406114876,-0.0788059681653976,-0.180249139666557,-0.21490404009819,-0.0618576370179653,-0.185894221067429
1575,-0.00475710676982999,-0.105464033782482,-0.199606448411942,-0.227432087063789,-0.0723565295338631,-0.208008944988251
1576,-0.00263262214139104,-0.11603432148695,-0.187010422348976,-0.203255668282509,-0.070634625852108,-0.202783942222595
1577,0.00170108466409147,-0.118457816541195,-0.147674933075905,-0.161049947142601,-0.0619691051542759,-0.190576791763306
1578,0.00440650805830956,-0.125798612833023,-0.103569835424423,-0.125400170683861,-0.0528474040329456,-0.188375070691109
1579,0.003254652954638,-0.131102740764618,-0.0737088099122047,-0.101365052163601,-0.0470934137701988,-0.185982540249825
1580,0.000733060238417238,-0.118781417608261,-0.0552544221282005,-0.0807390809059143,-0.0390648916363716,-0.167602136731148
1581,0.00378877948969603,-0.0904732793569565,-0.0332706682384014,-0.0553441271185875,-0.0223253145813942,-0.130250364542007
1582,0.0147239696234465,-0.0555504560470581,0.000986569444648921,-0.0208814051002264,0.00379935256205499,-0.0796759650111198
1583,0.0229461695998907,-0.0270800832659006,0.033008549362421,0.00660990457981825,0.026140172034502,-0.0378197580575943
1584,0.0168708898127079,-0.0207857638597488,0.0357352942228317,0.00254849367775023,0.0245887748897076,-0.0298466868698597
1585,-0.000889686692971736,-0.0337402001023293,0.0101560447365046,-0.0267097596079111,0.00146384036634117,-0.0491693876683712
1586,-0.0214782860130072,-0.0425359271466732,-0.0176490973681211,-0.054833959788084,-0.0234580673277378,-0.0669900327920914
1587,-0.0400750003755093,-0.0413085147738457,-0.034668680280447,-0.071361243724823,-0.0407519638538361,-0.0720218941569328
1588,-0.0504993461072445,-0.0459201969206333,-0.0441747754812241,-0.0786329507827759,-0.0482884719967842,-0.0729467049241066
1589,-0.0493031181395054,-0.0605299174785614,-0.0529695637524128,-0.081929512321949,-0.0448855794966221,-0.0749245882034302
1590,-0.0465870015323162,-0.078560896217823,-0.0653230473399162,-0.0893564820289612,-0.0394580848515034,-0.0826955363154411
1591,-0.0551220700144768,-0.0994615256786346,-0.0772400796413422,-0.104312561452389,-0.0451465249061584,-0.106035977602005
1592,-0.0720467120409012,-0.119381338357925,-0.0819535329937935,-0.119676157832146,-0.0631846189498901,-0.138064816594124
1593,-0.0863089859485626,-0.126171171665192,-0.0777186900377274,-0.124706126749516,-0.0825721621513367,-0.156578809022903
1594,-0.0953253656625748,-0.116109728813171,-0.064877413213253,-0.113938026130199,-0.0938956066966057,-0.150220364332199
1595,-0.102355122566223,-0.0969563499093056,-0.0477482974529266,-0.0929377898573875,-0.0987149104475975,-0.126466512680054
1596,-0.107564136385918,-0.0780838578939438,-0.0334343872964382,-0.0724288672208786,-0.097429521381855,-0.0980796590447426
1597,-0.108767248690128,-0.070869579911232,-0.0319026038050652,-0.0629200041294098,-0.090298131108284,-0.077298603951931
1598,-0.10723651945591,-0.0799959674477577,-0.0496019907295704,-0.0704496502876282,-0.0870935767889023,-0.0748588442802429
1599,-0.107243597507477,-0.0958728492259979,-0.0738639980554581,-0.0872258991003037,-0.0908850803971291,-0.0896432995796204
1600,-0.111759886145592,-0.107296049594879,-0.0923382043838501,-0.105265744030476,-0.0988230556249619,-0.111128322780132
1601,-0.122534215450287,-0.110745325684547,-0.108842559158802,-0.124050326645374,-0.112157873809338,-0.128662779927254
1602,-0.140181764960289,-0.114591792225838,-0.133117407560349,-0.147542610764503,-0.13103523850441,-0.143632605671883
1603,-0.159375756978989,-0.123499564826488,-0.163856714963913,-0.175868272781372,-0.147008553147316,-0.160137012600899
1604,-0.171124562621117,-0.129833742976189,-0.182721480727196,-0.193902924656868,-0.146811544895172,-0.16703437268734
1605,-0.174134150147438,-0.12830850481987,-0.179128408432007,-0.191659599542618,-0.132352605462074,-0.159029364585876
1606,-0.174520552158356,-0.114306941628456,-0.159107878804207,-0.174889922142029,-0.118017688393593,-0.143264696002007
1607,-0.177768543362617,-0.0894358158111572,-0.134594649076462,-0.154461264610291,-0.112736254930496,-0.124482035636902
1608,-0.1861322671175,-0.0736263319849968,-0.122827589511871,-0.14557372033596,-0.120707899332047,-0.115273021161556
1609,-0.196242824196815,-0.0887736231088638,-0.129020795226097,-0.152459740638733,-0.137866303324699,-0.127539843320847
1610,-0.202522397041321,-0.123857736587524,-0.129299864172935,-0.15397322177887,-0.148849546909332,-0.14433953166008
1611,-0.203761652112007,-0.148736387491226,-0.105917721986771,-0.13418847322464,-0.147022813558578,-0.140216618776321
1612,-0.199699014425278,-0.157933190464973,-0.0730043724179268,-0.103227883577347,-0.137840211391449,-0.112782664597034
1613,-0.186723217368126,-0.161249443888664,-0.0468071401119232,-0.0747881904244423,-0.1197350025177,-0.0779536664485931
1614,-0.163926124572754,-0.159744739532471,-0.0314182229340076,-0.0568829961121082,-0.0892672836780548,-0.0561428107321262
1615,-0.140563100576401,-0.151861444115639,-0.0305873807519674,-0.0563003830611706,-0.0576239563524723,-0.0549358054995537
1616,-0.132178574800491,-0.144770309329033,-0.0477503575384617,-0.075690321624279,-0.0459886938333511,-0.0658084228634834
1617,-0.147073790431023,-0.148572981357574,-0.0768146440386772,-0.10826051980257,-0.0651306211948395,-0.0825772881507874
1618,-0.176950439810753,-0.16316245496273,-0.100950866937637,-0.138066112995148,-0.10257712751627,-0.104963459074497
1619,-0.204951986670494,-0.176933422684669,-0.103731021285057,-0.151177778840065,-0.133068606257439,-0.124272085726261
1620,-0.222708970308304,-0.180898189544678,-0.0871153995394707,-0.150442585349083,-0.142655074596405,-0.134658142924309
1621,-0.232351452112198,-0.175466388463974,-0.0768165364861488,-0.153373748064041,-0.138496562838554,-0.148863598704338
1622,-0.235887452960014,-0.167296960949898,-0.101847216486931,-0.176336005330086,-0.139711424708366,-0.17773525416851
1623,-0.235132932662964,-0.168593913316727,-0.162791833281517,-0.222139164805412,-0.161035224795341,-0.212191924452782
1624,-0.234813630580902,-0.185244277119637,-0.220341563224792,-0.267838358879089,-0.19371896982193,-0.231460556387901
1625,-0.235030174255371,-0.208992764353752,-0.234543964266777,-0.283178001642227,-0.214431017637253,-0.226221814751625
1626,-0.230679020285606,-0.224909856915474,-0.203475758433342,-0.263367146253586,-0.211500331759453,-0.200760021805763
1627,-0.220471054315567,-0.222218841314316,-0.149137198925018,-0.221074312925339,-0.188628196716309,-0.159928902983665
1628,-0.207395821809769,-0.201779320836067,-0.0940515249967575,-0.170367106795311,-0.158144697546959,-0.119047820568085
1629,-0.195836842060089,-0.176739528775215,-0.0547979362308979,-0.127546280622482,-0.135029748082161,-0.0988265722990036
1630,-0.190187588334084,-0.159550935029984,-0.0359863117337227,-0.102928780019283,-0.12580731511116,-0.0977655872702599
1631,-0.189548403024673,-0.151388391852379,-0.0375326983630657,-0.0999150052666664,-0.126147821545601,-0.0990231335163116
1632,-0.187466382980347,-0.148361593484879,-0.0568325407803059,-0.114988774061203,-0.126845300197601,-0.0941305905580521
1633,-0.181812450289726,-0.15143695473671,-0.0834924280643463,-0.13614909350872,-0.123720437288284,-0.0890303999185562
1634,-0.180111914873123,-0.171302959322929,-0.111773401498795,-0.157796382904053,-0.126880422234535,-0.0992826297879219
1635,-0.188426628708839,-0.203859597444534,-0.126626968383789,-0.170077204704285,-0.138992264866829,-0.122804768383503
1636,-0.201807409524918,-0.224256798624992,-0.105225279927254,-0.157161638140678,-0.144272521138191,-0.136120453476906
1637,-0.211853802204132,-0.221191078424454,-0.0546999573707581,-0.122691512107849,-0.13594463467598,-0.126183047890663
1638,-0.217196017503738,-0.201837882399559,-0.00532348593696952,-0.0859780162572861,-0.1239313185215,-0.101452097296715
1639,-0.221469074487686,-0.172887101769447,0.0216759033501148,-0.0644942298531532,-0.116843990981579,-0.0785167515277863
1640,-0.227806493639946,-0.137963563203812,0.0181823410093784,-0.0701022520661354,-0.116426318883896,-0.0698989853262901
1641,-0.238530874252319,-0.111890114843845,-0.0180797483772039,-0.106819979846478,-0.126909777522087,-0.0847562775015831
1642,-0.25315997004509,-0.117435932159424,-0.0767131149768829,-0.163545161485672,-0.152677625417709,-0.121705584228039
1643,-0.266323745250702,-0.154275313019753,-0.131691709160805,-0.215399324893951,-0.183982267975807,-0.161479398608208
1644,-0.271951764822006,-0.191317841410637,-0.157225757837296,-0.236754775047302,-0.200087204575539,-0.179319232702255
1645,-0.269785046577454,-0.205145686864853,-0.150956466794014,-0.222543954849243,-0.193177670240402,-0.166620790958405
1646,-0.263146698474884,-0.199526637792587,-0.131966233253479,-0.192694216966629,-0.174765855073929,-0.138598635792732
1647,-0.253522038459778,-0.182275265455246,-0.115880519151688,-0.167652308940887,-0.156065478920937,-0.113396979868412
1648,-0.243881568312645,-0.153872445225716,-0.104381419718266,-0.148694545030594,-0.139277815818787,-0.0916825607419014
1649,-0.241310194134712,-0.128916889429092,-0.0973901599645615,-0.131713539361954,-0.130253657698631,-0.0728037878870964
1650,-0.247797131538391,-0.128653556108475,-0.100164696574211,-0.123836547136307,-0.136755913496017,-0.0697097480297089
1651,-0.256628632545471,-0.148830235004425,-0.114414982497692,-0.131121650338173,-0.152788773179054,-0.0908258184790611
1652,-0.260382831096649,-0.179669469594955,-0.141615316271782,-0.153331980109215,-0.167226389050484,-0.131346017122269
1653,-0.25709056854248,-0.221632465720177,-0.183029279112816,-0.187965616583824,-0.18075704574585,-0.181283444166183
1654,-0.254546850919724,-0.264521867036819,-0.215879902243614,-0.216944217681885,-0.196699440479279,-0.221585988998413
1655,-0.262114942073822,-0.284223645925522,-0.203306540846825,-0.21214234828949,-0.205863043665886,-0.225777581334114
1656,-0.2764712870121,-0.261264234781265,-0.136705547571182,-0.164035066962242,-0.194054827094078,-0.180790200829506
1657,-0.287977486848831,-0.206862717866898,-0.0443462803959847,-0.0925430655479431,-0.161236092448235,-0.103855438530445
1658,-0.293402493000031,-0.155914217233658,0.0319907367229462,-0.0322047211229801,-0.124316208064556,-0.0330822169780731
1659,-0.293155819177628,-0.125148206949234,0.0703139305114746,-0.00213208002969623,-0.0969730466604233,0.00682919844985008
1660,-0.289322644472122,-0.105054803192616,0.074657142162323,-0.000610112445428967,-0.0830143839120865,0.0182314347475767
1661,-0.290625095367432,-0.0920095145702362,0.0478717349469662,-0.0271823070943356,-0.0897751525044441,0.00616157008334994
1662,-0.304014027118683,-0.0951076671481133,-0.00646435748785734,-0.0789386257529259,-0.118853390216827,-0.0294732227921486
1663,-0.322305500507355,-0.11100335419178,-0.0676458477973938,-0.137630835175514,-0.153588563203812,-0.0762020424008369
1664,-0.331038028001785,-0.124537564814091,-0.114370070397854,-0.183483183383942,-0.174066662788391,-0.113967217504978
1665,-0.322842597961426,-0.128303185105324,-0.141610100865364,-0.207162708044052,-0.169826418161392,-0.128774017095566
1666,-0.303309917449951,-0.124077022075653,-0.161187261343002,-0.212107002735138,-0.149640321731567,-0.116853088140488
1667,-0.285672873258591,-0.11799380928278,-0.17935037612915,-0.207003548741341,-0.134004518389702,-0.0932363644242287
1668,-0.27841529250145,-0.120207622647285,-0.183286681771278,-0.193411439657211,-0.132931932806969,-0.0825392156839371
1669,-0.278397083282471,-0.135579809546471,-0.163293361663818,-0.169485285878181,-0.142761945724487,-0.0895879715681076
1670,-0.278885841369629,-0.160861596465111,-0.126464992761612,-0.141841530799866,-0.153245121240616,-0.10375951230526
1671,-0.279702752828598,-0.190562501549721,-0.09068214148283,-0.120851427316666,-0.157526507973671,-0.118658490478992
1672,-0.283319771289825,-0.216454908251762,-0.0701567232608795,-0.109999194741249,-0.155149728059769,-0.131605163216591
1673,-0.289497256278992,-0.238099992275238,-0.0697420313954353,-0.113937519490719,-0.150465279817581,-0.146773681044579
1674,-0.295569628477097,-0.260083168745041,-0.0838515236973763,-0.133554145693779,-0.149425908923149,-0.169626206159592
1675,-0.297445148229599,-0.274112313985825,-0.0982671901583672,-0.155227020382881,-0.153704211115837,-0.190341219305992
1676,-0.294044971466064,-0.26828670501709,-0.103630445897579,-0.164374634623528,-0.160029545426369,-0.189304947853088
1677,-0.287280708551407,-0.236298903822899,-0.0945484787225723,-0.152362853288651,-0.158911541104317,-0.159491151571274
1678,-0.280010998249054,-0.179945886135101,-0.0706638842821121,-0.123695686459541,-0.143590867519379,-0.11306593567133
1679,-0.277257800102234,-0.119773454964161,-0.047894261777401,-0.0996732339262962,-0.124553568661213,-0.068593256175518
1680,-0.280315309762955,-0.0766150578856468,-0.0399016067385674,-0.0934009999036789,-0.115605346858501,-0.0355424657464027
1681,-0.284161031246185,-0.0492773056030273,-0.0430826060473919,-0.0990860462188721,-0.115528248250484,-0.011841781437397
1682,-0.286850959062576,-0.0380097962915897,-0.0555597916245461,-0.109566614031792,-0.120226867496967,0.000374567462131381
1683,-0.289208620786667,-0.0573199987411499,-0.0802363678812981,-0.124907083809376,-0.130649700760841,-0.01385647803545
1684,-0.287741422653198,-0.110078848898411,-0.109335362911224,-0.145314007997513,-0.142495185136795,-0.0609213225543499
1685,-0.28145295381546,-0.179059088230133,-0.130344286561012,-0.165112867951393,-0.149806976318359,-0.120313942432404
1686,-0.274208247661591,-0.233153074979782,-0.130532026290894,-0.170739874243736,-0.1474569439888,-0.154446795582771
1687,-0.267806053161621,-0.243972420692444,-0.100873045623302,-0.152732148766518,-0.129674464464188,-0.141297847032547
1688,-0.263305455446243,-0.211412608623505,-0.0532653369009495,-0.120025597512722,-0.102558605372906,-0.100279211997986
1689,-0.264177978038788,-0.164765655994415,-0.0191177520900965,-0.0979963913559914,-0.0867277160286903,-0.0716516971588135
1690,-0.272692680358887,-0.138556122779846,-0.0199824124574661,-0.105666518211365,-0.0966338813304901,-0.0744085684418678
1691,-0.280793398618698,-0.140652656555176,-0.0394220873713493,-0.127342700958252,-0.117677018046379,-0.0955199152231216
1692,-0.274573057889938,-0.150119349360466,-0.0476059280335903,-0.133523136377335,-0.120754078030586,-0.112879157066345
1693,-0.253984689712524,-0.145182326436043,-0.0355535782873631,-0.114618226885796,-0.095438651740551,-0.107157811522484
1694,-0.232678934931755,-0.125390946865082,-0.0154277486726642,-0.0846091657876968,-0.0599548444151878,-0.0766583904623985
1695,-0.220193922519684,-0.103529758751392,-0.00500566093251109,-0.0657310858368874,-0.0405462123453617,-0.0422928668558598
1696,-0.215166226029396,-0.0837132558226585,-0.00522312195971608,-0.0620707310736179,-0.0404550991952419,-0.015948623418808
1697,-0.21389739215374,-0.0715717300772667,-0.0134150683879852,-0.0685261860489845,-0.051133144646883,-0.00458105932921171
1698,-0.217565849423409,-0.0766394957900047,-0.0291119758039713,-0.0804312378168106,-0.0698848143219948,-0.0148650798946619
1699,-0.226215079426765,-0.0895346254110336,-0.0366147272288799,-0.081430621445179,-0.087189570069313,-0.0283909179270267
1700,-0.23378649353981,-0.0915428847074509,-0.0293907281011343,-0.0652776435017586,-0.0916498303413391,-0.0290159061551094
1701,-0.234453096985817,-0.0837056413292885,-0.0295985657721758,-0.0553902760148048,-0.0878951400518417,-0.0322801806032658
1702,-0.22982369363308,-0.0795021429657936,-0.0496081300079823,-0.0679042562842369,-0.0892027914524078,-0.0475286580622196
1703,-0.224954351782799,-0.0779797285795212,-0.070492684841156,-0.0871488749980927,-0.0975060239434242,-0.0580619238317013
1704,-0.224017739295959,-0.0773376300930977,-0.0831521078944206,-0.104054301977158,-0.109982304275036,-0.0601710788905621
1705,-0.23054076731205,-0.0883514881134033,-0.0976128578186035,-0.126841351389885,-0.127235382795334,-0.0718770101666451
1706,-0.242242977023125,-0.114008851349354,-0.110854774713516,-0.150557726621628,-0.144613370299339,-0.0985385701060295
1707,-0.252320110797882,-0.141518354415894,-0.106623083353043,-0.158597335219383,-0.153313234448433,-0.118906937539577
1708,-0.25564381480217,-0.151482820510864,-0.0772873088717461,-0.143519148230553,-0.145195543766022,-0.107970975339413
1709,-0.248698517680168,-0.132204696536064,-0.0326429978013039,-0.110540777444839,-0.116686321794987,-0.0648985058069229
1710,-0.23241651058197,-0.0932605862617493,0.00923235807567835,-0.0718512535095215,-0.0742372944951057,-0.013459156267345
1711,-0.214553236961365,-0.0588555000722408,0.0304052699357271,-0.0457965023815632,-0.0361411049962044,0.0196713134646416
1712,-0.20390197634697,-0.0439001061022282,0.0176529232412577,-0.048545315861702,-0.023503364995122,0.0254273936152458
1713,-0.203910946846008,-0.0498617365956306,-0.0253540351986885,-0.0776441395282745,-0.0410694479942322,0.00474796677008271
1714,-0.20967099070549,-0.070391982793808,-0.0757065713405609,-0.110869467258453,-0.0727500841021538,-0.0409042164683342
1715,-0.212583437561989,-0.092663012444973,-0.111211962997913,-0.128288745880127,-0.102537736296654,-0.0942971855401993
1716,-0.210045203566551,-0.107526399195194,-0.119237214326859,-0.125693589448929,-0.125214487314224,-0.125463590025902
1717,-0.204896494746208,-0.111531265079975,-0.0985884442925453,-0.107365235686302,-0.135278552770615,-0.120652854442596
1718,-0.199099287390709,-0.104884572327137,-0.0632711350917816,-0.0809786543250084,-0.124049887061119,-0.0911148115992546
1719,-0.197577774524689,-0.100070491433144,-0.0376081876456738,-0.0666368082165718,-0.100859098136425,-0.0670219138264656
1720,-0.203695148229599,-0.10687068849802,-0.0375668443739414,-0.0805038809776306,-0.0904155746102333,-0.0693764239549637
1721,-0.207527652382851,-0.110645793378353,-0.0482588522136211,-0.100825965404511,-0.0935412868857384,-0.0762053281068802
1722,-0.199971556663513,-0.0979553610086441,-0.0412006638944149,-0.09400674700737,-0.0912588834762573,-0.0595527030527592
1723,-0.184787943959236,-0.0760897248983383,-0.00553059950470924,-0.0534208938479424,-0.0753767117857933,-0.0243983212858438
1724,-0.169695168733597,-0.0549676679074764,0.0454279109835625,0.00348193175159395,-0.0502469092607498,0.0109004164114594
1725,-0.160178169608116,-0.0391184650361538,0.0842038467526436,0.0484761483967304,-0.0252124480903149,0.0318879410624504
1726,-0.1553825289011,-0.030521497130394,0.0914737582206726,0.0624740570783615,-0.00617352873086929,0.0341140180826187
1727,-0.150587111711502,-0.027043703943491,0.0670011043548584,0.0455472357571125,0.00618153158575296,0.0243119932711124
1728,-0.148503571748734,-0.0291038230061531,0.0140931103378534,-0.000518780550919473,0.00388790224678814,0.00518481712788343
1729,-0.156417056918144,-0.0402816347777843,-0.0564686618745327,-0.0676618367433548,-0.0212253518402576,-0.0244030244648457
1730,-0.173099771142006,-0.0575262866914272,-0.112497486174107,-0.125550538301468,-0.0608902052044868,-0.0528702177107334
1731,-0.189108371734619,-0.0734304785728455,-0.126841083168983,-0.146883636713028,-0.0982634201645851,-0.0631241947412491
1732,-0.195039018988609,-0.0750663802027702,-0.0915022119879723,-0.123222969472408,-0.113742873072624,-0.0489705093204975
1733,-0.186645001173019,-0.0495979338884354,-0.0182306002825499,-0.0658593103289604,-0.0966715887188911,-0.0197005718946457
1734,-0.167171508073807,-0.00821046624332666,0.0500572174787521,-0.00998257286846638,-0.0637772008776665,0.00698638381436467
1735,-0.149101227521896,0.0239353440701962,0.0726794824004173,0.0117479730397463,-0.0444629900157452,0.0219583306461573
1736,-0.146068394184113,0.0309395361691713,0.0454571656882763,-0.00881047826260328,-0.0548150129616261,0.0206116195768118
1737,-0.15725089609623,0.00938030052930117,-0.00586078641936183,-0.0522379912436008,-0.0810344070196152,-0.00094330363208428
1738,-0.168463721871376,-0.0227264426648617,-0.0413186363875866,-0.0793271511793137,-0.0888504758477211,-0.0294808503240347
1739,-0.167249858379364,-0.043684720993042,-0.0391558818519115,-0.0704353675246239,-0.0669626370072365,-0.0500126592814922
1740,-0.154003471136093,-0.0573336556553841,-0.0163047686219215,-0.044722817838192,-0.040004163980484,-0.0625444427132607
1741,-0.138603881001472,-0.073027029633522,0.00112019502557814,-0.0250326618552208,-0.0305182654410601,-0.0657258257269859
1742,-0.126731544733047,-0.0783105939626694,0.00978573132306337,-0.01417426019907,-0.034769594669342,-0.0525877960026264
1743,-0.117866046726704,-0.0544689856469631,0.0175593663007021,-0.00769779505208135,-0.0403263159096241,-0.0207487959414721
1744,-0.11062890291214,-0.0104767736047506,0.0262465588748455,-0.000132043787743896,-0.0428084768354893,0.0240803826600313
1745,-0.104168705642223,0.0249809008091688,0.0314428769052029,0.0110323568806052,-0.0439255982637405,0.0700610280036926
1746,-0.101566813886166,0.0381364412605762,0.0248448085039854,0.0151511011645198,-0.0484671555459499,0.101323358714581
1747,-0.10662630200386,0.0337936207652092,0.00745283998548985,0.00547121465206146,-0.0543046854436398,0.103187933564186
1748,-0.115229107439518,0.026179663836956,-0.00228485278785229,-0.00340659497305751,-0.0461774915456772,0.0784701481461525
1749,-0.119815297424793,0.0269228257238865,0.00729342037811875,0.00106827984564006,-0.0180265121161938,0.0470102019608021
1750,-0.117944784462452,0.0337271839380264,0.0224835965782404,0.00964040495455265,0.00937066692858934,0.0204097293317318
1751,-0.11128880828619,0.0309204924851656,0.0240922681987286,0.00741739245131612,0.013528561219573,-0.00380474515259266
1752,-0.102539226412773,0.00423101335763931,0.0111978454515338,-0.00719829415902495,-0.0024069573264569,-0.0274493638426065
1753,-0.0948078036308289,-0.0373956635594368,-0.00504119880497456,-0.025274621322751,-0.0222683791071177,-0.0478036031126976
1754,-0.0888063684105873,-0.0612523220479488,-0.0107243657112122,-0.0333985760807991,-0.0323315225541592,-0.0575055740773678
1755,-0.0819835215806961,-0.0486225374042988,0.000763997493777424,-0.0246441327035427,-0.0267180446535349,-0.0517050288617611
1756,-0.0746281892061234,-0.0240219477564096,0.0100253792479634,-0.0145578747615218,-0.0152847114950418,-0.0418072305619717
1757,-0.0703092217445374,-0.015492937527597,-0.0068688546307385,-0.0236425474286079,-0.0124245444312692,-0.0415128916501999
1758,-0.072903148829937,-0.0229556951671839,-0.051085326820612,-0.0554134696722031,-0.0278599020093679,-0.0544076561927795
1759,-0.0836809426546097,-0.039765615016222,-0.105462655425072,-0.0977982506155968,-0.0652726143598557,-0.0791323259472847
1760,-0.0963819846510887,-0.0559467785060406,-0.144865065813065,-0.129148483276367,-0.112131990492344,-0.0990389138460159
1761,-0.10103552788496,-0.0493134893476963,-0.145962193608284,-0.127734214067459,-0.140277624130249,-0.0862718597054482
1762,-0.0930578783154488,-0.0103496797382832,-0.0981056243181229,-0.0833698287606239,-0.125714525580406,-0.0320203453302383
1763,-0.0753004550933838,0.0378656052052975,-0.0231445394456387,-0.0152637073770165,-0.0748333856463432,0.0437071993947029
1764,-0.0542755350470543,0.0653958097100258,0.0323454812169075,0.0351106226444244,-0.0189949180930853,0.103402584791183
1765,-0.0376998782157898,0.0621079802513123,0.0419651605188847,0.0430034175515175,0.01784891448915,0.110582537949085
1766,-0.0342884995043278,0.0333949886262417,0.010589892975986,0.00928036961704493,0.0227012354880571,0.0568371154367924
1767,-0.0482214242219925,-0.0154802771285176,-0.0423901863396168,-0.0487152896821499,-0.0100586852058768,-0.0282710921019316
1768,-0.0691436305642128,-0.0697819143533707,-0.0833121985197067,-0.0943263247609138,-0.0608235336840153,-0.0954895615577698
1769,-0.0799515321850777,-0.0968267321586609,-0.0820422396063805,-0.0958851203322411,-0.0939791351556778,-0.11115425825119
1770,-0.0747234001755714,-0.0834912657737732,-0.0381854102015495,-0.0560130998492241,-0.0915701389312744,-0.0806361436843872
1771,-0.0584970749914646,-0.0511818118393421,0.0206082109361887,-0.00433952501043677,-0.0640803202986717,-0.0338840521872044
1772,-0.0387964136898518,-0.0209231059998274,0.0611305572092533,0.0297865513712168,-0.0338737964630127,0.00243198871612549
1773,-0.0216079670935869,-0.00133078871294856,0.0692945569753647,0.0374834649264812,-0.0126216728240252,0.0179771259427071
1774,-0.00786285754293203,0.00348496250808239,0.0498226061463356,0.0241760183125734,0.00116176309529692,0.0151976644992828
1775,0.00491947587579489,0.00168734835460782,0.0150623777881265,-0.00278764776885509,0.00709905195981264,0.00441372208297253
1776,0.0171821769326925,0.00616046600043774,-0.0221215542405844,-0.0334780737757683,0.00094737735344097,0.0026584854349494
1777,0.0244907811284065,0.0140180215239525,-0.0526787750422955,-0.0556887611746788,-0.0147307692095637,0.0149596137925982
1778,0.0219491627067328,0.0143458219245076,-0.0705984756350517,-0.0639105886220932,-0.0324389263987541,0.0230580735951662
1779,0.0150486193597317,0.0097182160243392,-0.0723007842898369,-0.0594245977699757,-0.0460051633417606,0.0143414763733745
1780,0.0130495261400938,0.00705062737688422,-0.0616953857243061,-0.0487472228705883,-0.055094301700592,-0.00422830553725362
1781,0.0122538125142455,0.00124699214939028,-0.0521234124898911,-0.0454640947282314,-0.0657672584056854,-0.0244961865246296
1782,0.00514964433386922,-0.00798562355339527,-0.049497663974762,-0.0535031668841839,-0.0766026526689529,-0.0409018062055111
1783,-0.00293304398655891,-0.0183579828590155,-0.0538592450320721,-0.0689681097865105,-0.0805546268820763,-0.0549803078174591
1784,-0.00460523273795843,-0.0386547446250916,-0.0653134509921074,-0.0889235883951187,-0.0761143416166306,-0.0731512382626534
1785,-0.00293181999586523,-0.0615707635879517,-0.0697493404150009,-0.0956547781825066,-0.0628256052732468,-0.0849667638540268
1786,-0.00149859627708793,-0.0672208443284035,-0.054124791175127,-0.0732586085796356,-0.043430607765913,-0.0751008838415146
1787,-0.000310325209284201,-0.0638488307595253,-0.0312922894954681,-0.0386626310646534,-0.0305186808109283,-0.0527312271296978
1788,0.000109750151750632,-0.0706690549850464,-0.0254989396780729,-0.0210095997899771,-0.0340285934507847,-0.0389940068125725
1789,-0.00180324329994619,-0.0848172679543495,-0.0431193672120571,-0.0270460341125727,-0.0491298474371433,-0.04030492156744
1790,-0.0100749591365457,-0.101768806576729,-0.0739196464419365,-0.0487024262547493,-0.0714075341820717,-0.0518687814474106
1791,-0.0232526138424873,-0.120506897568703,-0.100903116166592,-0.0753058865666389,-0.0987982153892517,-0.0656290054321289
1792,-0.0288114156574011,-0.127715408802032,-0.101335495710373,-0.0876967683434486,-0.115688554942608,-0.0703286603093147
1793,-0.0164092667400837,-0.110550463199615,-0.0635603666305542,-0.0697269886732101,-0.102293789386749,-0.0546904094517231
1794,0.0112946145236492,-0.0684145092964172,0.00180631107650697,-0.0257794801145792,-0.0536110736429691,-0.0158582367002964
1795,0.0435771904885769,-0.0200695898383856,0.0662652105093002,0.020695960149169,0.00866629369556904,0.0269977394491434
1796,0.0700405165553093,0.00245116022415459,0.0989620834589005,0.0474920496344566,0.0485141985118389,0.0450804457068443
1797,0.0850324630737305,-0.00950074754655361,0.0903733596205711,0.0499318204820156,0.0513556301593781,0.0317155607044697
1798,0.0886430814862251,-0.0310459099709988,0.0514994896948338,0.0318356417119503,0.0291543137282133,0.00570736825466156
1799,0.0824882909655571,-0.03979117795825,-0.00617515156045556,-0.00485923234373331,-0.00628611678257585,-0.0143047384917736
1800,0.0679789856076241,-0.0408715568482876,-0.0707781612873077,-0.0542043000459671,-0.0494990050792694,-0.0271112602204084
1801,0.0511832125484943,-0.0490810982882977,-0.114963211119175,-0.0951051786541939,-0.083717942237854,-0.0381492748856544
1802,0.0399593375623226,-0.0614306628704071,-0.112988606095314,-0.101131021976471,-0.0881691202521324,-0.0457469299435616
1803,0.0346447303891182,-0.0700519755482674,-0.0790817514061928,-0.0765580907464027,-0.0700493603944778,-0.0508645139634609
1804,0.0280311405658722,-0.0828214883804321,-0.0532930865883827,-0.0540347136557102,-0.0591944642364979,-0.0605348832905293
1805,0.0169286001473665,-0.101883783936501,-0.0497242957353592,-0.0465913824737072,-0.066065676510334,-0.0700687915086746
1806,0.00673677818849683,-0.112518154084682,-0.0523972064256668,-0.0440410636365414,-0.0757385864853859,-0.0683766975998878
1807,0.00158168666530401,-0.10545352101326,-0.0468221083283424,-0.0396226122975349,-0.0754613727331162,-0.0571160763502121
1808,0.00188260339200497,-0.0814621150493622,-0.0273109078407288,-0.0262708105146885,-0.0587401576340199,-0.0408286489546299
1809,0.00921373441815376,-0.0497058480978012,0.000598579179495573,-0.00502411555498838,-0.027579378336668,-0.0224993973970413
1810,0.0241573471575975,-0.026134330779314,0.0219893660396338,0.0080715361982584,0.00301688420586288,-0.00799498800188303
1811,0.0442247316241264,-0.0180863235145807,0.0309927891939878,0.00870473869144917,0.0238538235425949,0.00286145671270788
1812,0.0649445801973343,-0.0251152440905571,0.0282661374658346,0.00679515209048986,0.0358850359916687,0.00710313627496362
1813,0.0831153392791748,-0.0434904135763645,0.0135826226323843,0.00479587959125638,0.0383643545210361,-0.00271866121329367
1814,0.0976126417517662,-0.0622855573892593,-0.0111679192632437,-0.0097197238355875,0.0296394880861044,-0.0261930990964174
1815,0.106040060520172,-0.0643389523029327,-0.0440082922577858,-0.0461199395358562,0.0131372129544616,-0.0522433519363403
1816,0.10838870704174,-0.0381073243916035,-0.0763284862041473,-0.0892036408185959,-0.00158405490219593,-0.0604045391082764
1817,0.107094869017601,0.00548240868374705,-0.0865330398082733,-0.109464026987553,-0.00575146032497287,-0.0432239472866058
1818,0.0995372757315636,0.0348639488220215,-0.0637928396463394,-0.0944457724690437,-0.00283801252953708,-0.0192497745156288
1819,0.0832418575882912,0.0218857545405626,-0.0313341096043587,-0.0632478520274162,-0.00929984543472528,-0.00808609835803509
1820,0.0657038390636444,-0.0285155065357685,-0.0152191519737244,-0.0395457930862904,-0.0316809043288231,-0.0134340105578303
1821,0.0568648800253868,-0.0844614133238792,-0.0140694174915552,-0.0304281041026115,-0.0571722835302353,-0.0367505438625813
1822,0.0559394247829914,-0.122000113129616,-0.0161235313862562,-0.0331039018929005,-0.0764251947402954,-0.0728001520037651
1823,0.0589500069618225,-0.12958799302578,-0.00386446132324636,-0.0284406188875437,-0.0824394524097443,-0.0911350548267365
1824,0.0687248781323433,-0.102263115346432,0.0379475951194763,0.0050785019993782,-0.0619568377733231,-0.0651045590639114
1825,0.0856575816869736,-0.0541975162923336,0.0944297537207603,0.0584238767623901,-0.0174100566655397,-0.00600412348285317
1826,0.104761928319931,-0.0053070648573339,0.136418715119362,0.106105715036392,0.0314744338393211,0.0608270242810249
1827,0.121528580784798,0.0325912721455097,0.148194268345833,0.130441218614578,0.0661522597074509,0.114251382648945
1828,0.131813049316406,0.0531894750893116,0.127902299165726,0.122587159276009,0.0767854303121567,0.13232433795929
1829,0.132825389504433,0.0650520771741867,0.0816793069243431,0.0827511921525002,0.0622346810996532,0.109709590673447
1830,0.123799100518227,0.0701108351349831,0.0169453136622906,0.0168494917452335,0.025623606517911,0.0608781985938549
1831,0.107283569872379,0.0461616478860378,-0.0524526685476303,-0.0587381199002266,-0.0209737382829189,0.00194174121133983
1832,0.0940376147627831,-0.00825572200119495,-0.0971420779824257,-0.111230753362179,-0.0517868809401989,-0.0479716546833515
1833,0.0982661023736,-0.0597932226955891,-0.090758852660656,-0.112528376281261,-0.0445140339434147,-0.0676017627120018
1834,0.11839184910059,-0.0915011614561081,-0.0500078871846199,-0.0739148110151291,-0.0106845302507281,-0.061234500259161
1835,0.136932671070099,-0.110612690448761,-0.0213879216462374,-0.0382031947374344,0.0126433540135622,-0.0591487362980843
1836,0.147059470415115,-0.11569757014513,-0.0159117355942726,-0.0241072960197926,0.0147961229085922,-0.0717402696609497
1837,0.153179705142975,-0.0987328588962555,-0.00755728455260396,-0.0144057124853134,0.0155119122937322,-0.076069563627243
1838,0.153662368655205,-0.0625097304582596,0.01503074914217,0.00321682146750391,0.0227773822844028,-0.0554350279271603
1839,0.146438181400299,-0.0205593463033438,0.0388644821941853,0.0233531072735786,0.0311445258557796,-0.0160313937813044
1840,0.134066954255104,0.0128918746486306,0.0484180264174938,0.0378207452595234,0.0387057103216648,0.0290058385580778
1841,0.120642267167568,0.0348720028996468,0.0421004593372345,0.0471100136637688,0.0427003763616085,0.0660223364830017
1842,0.111498475074768,0.0463866293430328,0.0295366924256086,0.0527633354067802,0.0357885621488094,0.0789004489779472
1843,0.108587063848972,0.0475922077894211,0.0200728606432676,0.051000501960516,0.0190670657902956,0.0649128556251526
1844,0.110627889633179,0.0510245710611343,0.0235801227390766,0.0488299988210201,0.00904225930571556,0.0468123517930508
1845,0.116177543997765,0.0637500584125519,0.0437892861664295,0.0565976053476334,0.0171320866793394,0.040898010134697
1846,0.124077871441841,0.0775660574436188,0.0731664299964905,0.0716676637530327,0.0401889495551586,0.0435255393385887
1847,0.133578836917877,0.0890303552150726,0.0926374942064285,0.0804467871785164,0.0622140094637871,0.0520822517573833
1848,0.141160413622856,0.0985583439469337,0.0798199996352196,0.0674591138958931,0.0601902678608894,0.06504026055336
1849,0.143448889255524,0.100247271358967,0.0407637841999531,0.0360313802957535,0.0353203453123569,0.0700756385922432
1850,0.141458511352539,0.0823987573385239,-0.00581258907914162,-0.00358292716555297,0.00855604372918606,0.045538917183876
1851,0.137571975588799,0.043619442731142,-0.0572865642607212,-0.0487366802990437,-0.0105015328153968,-0.00774398492649198
1852,0.12961246073246,-0.00586368283256888,-0.109046593308449,-0.0920411720871925,-0.025685103610158,-0.0629510805010796
1853,0.112581722438335,-0.0579249858856201,-0.149007976055145,-0.125047162175179,-0.0451997593045235,-0.105239033699036
1854,0.0929056480526924,-0.096574105322361,-0.15762847661972,-0.131659716367722,-0.0641285330057144,-0.127491876482964
1855,0.0866338908672333,-0.105993509292603,-0.118113271892071,-0.0932280942797661,-0.065733015537262,-0.114793337881565
1856,0.100388444960117,-0.0896289050579071,-0.0404767990112305,-0.018204290419817,-0.0443132184445858,-0.060024369508028
1857,0.125138968229294,-0.0547278821468353,0.0454136095941067,0.06290003657341,-0.0099182790145278,0.0205797385424376
1858,0.145380109548569,-0.00916161667555571,0.108297415077686,0.120541602373123,0.0192400570958853,0.0877086520195007
1859,0.153515785932541,0.0308672972023487,0.131280392408371,0.139861464500427,0.0310581140220165,0.113819196820259
1860,0.152074247598648,0.0542156025767326,0.117865927517414,0.124138124287128,0.0283577889204025,0.102690614759922
1861,0.14500330388546,0.0592939890921116,0.0792510956525803,0.0856997817754745,0.02040402777493,0.0642259269952774
1862,0.135251000523567,0.0512058399617672,0.0303620360791683,0.0378501899540424,0.0135086374357343,0.0120492652058601
1863,0.127918213605881,0.0422287248075008,-0.00708723859861493,-0.00376431690528989,0.009928148239851,-0.0264733787626028
1864,0.131681695580482,0.0395686365664005,-0.0174817182123661,-0.0221691485494375,0.0109705599024892,-0.028435630723834
1865,0.146423578262329,0.0366136059165001,-0.00733793107792735,-0.014287413097918,0.0132948663085699,0.00269382819533348
1866,0.15671694278717,0.027596652507782,0.00668733287602663,0.00395185453817248,0.00972836464643478,0.0397842191159725
1867,0.150560274720192,0.0151919014751911,0.0110971089452505,0.00925271306186914,-0.00304678152315319,0.049936518073082
1868,0.131977319717407,0.00405601039528847,-0.00120053789578378,-0.00821770448237658,-0.0214962493628263,0.0212643705308437
1869,0.111782222986221,0.00173982977867126,-0.0207907911390066,-0.0329308733344078,-0.0374229066073895,-0.0219412408769131
1870,0.0953603237867355,0.00992541015148163,-0.0349426157772541,-0.0471263006329536,-0.0494593195617199,-0.049609761685133
1871,0.0844612568616867,0.0149827813729644,-0.0402008816599846,-0.04721275344491,-0.0600988939404488,-0.0530563592910767
1872,0.0832268893718719,0.00883800443261862,-0.0299839936196804,-0.0321825481951237,-0.0589001141488552,-0.0345520488917828
1873,0.0929633677005768,-0.000818670087028295,-0.0035612559877336,-0.00646727904677391,-0.0356992147862911,-0.00782272405922413
1874,0.108646385371685,-0.00671560410410166,0.0256780181080103,0.0188643671572208,0.00102913600858301,0.0106193767860532
1875,0.125717505812645,-0.000907917914446443,0.0488234460353851,0.0404290147125721,0.034784909337759,0.0287366677075624
1876,0.140891090035439,0.0202092900872231,0.0624015741050243,0.0553638897836208,0.0522229708731174,0.0536090694367886
1877,0.149679481983185,0.0443361513316631,0.0621497295796871,0.056418664753437,0.049934484064579,0.0660072267055511
1878,0.151806980371475,0.0582554191350937,0.0492339730262756,0.0461754091084003,0.0377871058881283,0.0549992173910141
1879,0.14922833442688,0.0587041042745113,0.0266336351633072,0.0298777632415295,0.0265807956457138,0.0322623811662197
1880,0.139798894524574,0.0502552017569542,-0.009828289039433,-0.00100198830477893,0.0156865268945694,0.00555365160107613
1881,0.121293380856514,0.0371181219816208,-0.0627191364765167,-0.0515721961855888,-0.00509076938033104,-0.0256096087396145
1882,0.0949629619717598,0.0153713943436742,-0.120025523006916,-0.10601931810379,-0.0435563549399376,-0.0611846148967743
1883,0.064978651702404,-0.0142982201650739,-0.160218924283981,-0.142253428697586,-0.0909383073449135,-0.0985334888100624
1884,0.0404304079711437,-0.0375249199569225,-0.162430346012115,-0.143563702702522,-0.119254305958748,-0.118701793253422
1885,0.0332271978259087,-0.0397057272493839,-0.118825159966946,-0.104367069900036,-0.10383179038763,-0.100864291191101
1886,0.0478833056986332,-0.0178056582808495,-0.0471544489264488,-0.0401188433170319,-0.0507565028965473,-0.0534886568784714
1887,0.0739864483475685,0.0159954484552145,0.0174027159810066,0.0177773218601942,0.00573591608554125,-0.00467250030487776
1888,0.0968510508537292,0.0420242920517921,0.0522425919771194,0.0494000129401684,0.0379056297242641,0.0292209070175886
1889,0.111044660210609,0.0511935576796532,0.0619001649320126,0.0645072534680367,0.0483282096683979,0.0568964555859566
1890,0.117383345961571,0.0488724634051323,0.0595581717789173,0.0776765793561935,0.0513180121779442,0.0827073231339455
1891,0.120511911809444,0.0461538061499596,0.0551516078412533,0.0871289074420929,0.0540938228368759,0.0941940695047379
1892,0.123710975050926,0.053404413163662,0.0570989362895489,0.0910423472523689,0.0556957423686981,0.096179835498333
1893,0.120813705027103,0.0752760916948318,0.0663207322359085,0.0922913998365402,0.0466239638626575,0.101576633751392
1894,0.107507474720478,0.103765167295933,0.079988107085228,0.0907069966197014,0.0270866043865681,0.10538025945425
1895,0.0909163057804108,0.116586826741695,0.0924186408519745,0.0849581435322762,0.0114220669493079,0.0978336706757545
1896,0.078164167702198,0.0958593785762787,0.0933132097125053,0.0752008184790611,0.0041737318970263,0.0745363682508469
1897,0.0697069391608238,0.0492629483342171,0.0830884650349617,0.0640404522418976,0.000436671281931922,0.0401763692498207
1898,0.0642781630158424,0.00185675045941025,0.0722899585962296,0.0558293424546719,-0.00136629701592028,0.00914396625012159
1899,0.0596044138073921,-0.0283184219151735,0.0641031265258789,0.052813857793808,-0.00374773913063109,-0.0053425426594913
1900,0.0548249520361423,-0.0360592976212502,0.0543069392442703,0.0509219467639923,-0.00873067136853933,0.00070495973341167
1901,0.0516979731619358,-0.0255558434873819,0.038607120513916,0.0388135984539986,-0.0159903056919575,0.0160811953246593
1902,0.0506246611475945,-0.00911221373826265,0.0175554826855659,0.011237608268857,-0.0239986889064312,0.0250761043280363
1903,0.0551870837807655,0.00563003588467836,-0.00133695581462234,-0.01718963496387,-0.0249898619949818,0.0280384570360184
1904,0.0701304525136948,0.0132173839956522,-0.0208314638584852,-0.0377857722342014,-0.0191208142787218,0.0221555121243
1905,0.09089445322752,0.00617286749184132,-0.0444531291723251,-0.0553520582616329,-0.0147350057959557,-0.000659834942780435
1906,0.107919454574585,-0.00944857392460108,-0.0567849092185497,-0.0646331682801247,-0.0117346700280905,-0.0229008588939905
1907,0.116475440561771,-0.00855589751154184,-0.0443481765687466,-0.0562880262732506,-0.00841978192329407,-0.0193056017160416
1908,0.115985155105591,0.0245201922953129,-0.0154018485918641,-0.0359004512429237,-0.00840902514755726,0.00435945577919483
1909,0.106263093650341,0.0646391957998276,0.0068163750693202,-0.0202739555388689,-0.0148229645565152,0.0187306571751833
1910,0.0914818346500397,0.0838901996612549,0.0130361812189221,-0.0114965615794063,-0.0201281271874905,0.0148061383515596
1911,0.0810069888830185,0.0902098566293716,0.0175923276692629,0.000709191255737096,-0.0112454295158386,0.0120031479746103
1912,0.0786241441965103,0.0891290530562401,0.0276857055723667,0.0140998344868422,0.00791298970580101,0.0175858084112406
1913,0.079510472714901,0.0691395252943039,0.0331010036170483,0.0206099394708872,0.0188855286687613,0.0163857191801071
1914,0.0801470130681992,0.0346699096262455,0.0341845788061619,0.0262710247188807,0.0173229873180389,0.00483721727505326
1915,0.0814948827028275,0.00360390124842525,0.0444516614079475,0.0433701276779175,0.0153089221566916,0.0024553039111197
1916,0.0848471894860268,-0.0127490349113941,0.0658865869045258,0.0714789256453514,0.0195368267595768,0.0237106923013926
1917,0.0909711495041847,-0.0118550667539239,0.0876239612698555,0.0992516875267029,0.0277289394289255,0.0620527490973473
1918,0.0992752835154533,0.000758554844651371,0.0990592464804649,0.115209065377712,0.0370828062295914,0.104251109063625
1919,0.106189675629139,0.0179470758885145,0.0988590344786644,0.114917255938053,0.0452374704182148,0.135932311415672
1920,0.108940750360489,0.0343551263213158,0.0956159383058548,0.10491967946291,0.0508538633584976,0.144688636064529
1921,0.110201835632324,0.0466384328901768,0.0935913771390915,0.0947802066802979,0.0552481152117252,0.129976198077202
1922,0.114695504307747,0.0633194595575333,0.0917023345828056,0.0868936330080032,0.0604650378227234,0.0996879190206528
1923,0.120148122310638,0.092958889901638,0.0901400744915009,0.0745942518115044,0.0633381828665733,0.0673544704914093
1924,0.120505593717098,0.126392096281052,0.0887766405940056,0.0574575997889042,0.0601243823766708,0.0468387342989445
1925,0.117915362119675,0.142059937119484,0.0863747596740723,0.0461767129600048,0.0556884594261646,0.0402487143874168
1926,0.116445355117321,0.123959392309189,0.07787124812603,0.0421369224786758,0.0552055016160011,0.039147287607193
1927,0.114896006882191,0.0742578953504562,0.0590615011751652,0.0374699719250202,0.0572894066572189,0.0340315997600555
1928,0.11357320100069,0.00701352627947927,0.0291184093803167,0.0270654354244471,0.0549184828996658,0.0191139075905085
1929,0.111760124564171,-0.0544570237398148,0.00139597663655877,0.0160824917256832,0.0415786691009998,-0.00116683274973184
1930,0.106361120939255,-0.0887961313128471,0.00158699974417686,0.017649682238698,0.0209316667169333,-0.0123987039551139
1931,0.0989294573664665,-0.0903585255146027,0.0312789157032967,0.0345915630459785,0.00358536629937589,-0.00344870402477682
1932,0.0913769453763962,-0.0650681406259537,0.0673499777913094,0.0567056015133858,-0.00274606258608401,0.0251289885491133
1933,0.0848063454031944,-0.0321522504091263,0.0906824693083763,0.0717365816235542,0.00191984802950174,0.0608507357537746
1934,0.0841269344091415,-0.00643844064325094,0.0979537293314934,0.0767688080668449,0.0115945255383849,0.092284269630909
1935,0.0899212062358856,0.021535761654377,0.0932482928037643,0.0735512971878052,0.0157567206770182,0.116621538996696
1936,0.0973075479269028,0.0620464719831944,0.0774478912353516,0.0569695420563221,0.00745550449937582,0.131039515137672
1937,0.105235390365124,0.09873266518116,0.0537905357778072,0.0278218165040016,-0.00897929910570383,0.133714467287064
1938,0.113062277436256,0.102084465324879,0.0238351374864578,-0.00648095924407244,-0.0312414225190878,0.122012078762054
1939,0.119984932243824,0.0690993815660477,-0.00911504589021206,-0.0372250191867352,-0.0537010096013546,0.0930015072226524
1940,0.131734177470207,0.021236589178443,-0.0331579633057117,-0.0530248172581196,-0.0563659965991974,0.0539654232561588
1941,0.145472764968872,-0.0240966100245714,-0.0426662527024746,-0.0535823442041874,-0.0351124629378319,0.0186266303062439
1942,0.144807428121567,-0.0567521713674068,-0.0397879853844643,-0.0485662035644054,-0.0145344333723187,-0.00213243393227458
1943,0.126559674739838,-0.0734491944313049,-0.029465913772583,-0.0450678318738937,-0.0169680044054985,-0.00443584704771638
1944,0.105214141309261,-0.0760589614510536,-0.0206102803349495,-0.0442726016044617,-0.0399381667375565,0.00600449182093143
1945,0.0945376306772232,-0.0644134506583214,-0.0151029238477349,-0.0410913452506065,-0.0622870922088623,0.0210964363068342
1946,0.0970967262983322,-0.0389387458562851,-0.00872674211859703,-0.0333261340856552,-0.0718125402927399,0.0399175211787224
1947,0.106123775243759,-0.0025452773552388,1.21494631457608E-05,-0.0235184840857983,-0.0730376169085503,0.0663578808307648
1948,0.115966334939003,0.0367827899754047,0.0120418574661016,-0.0113580795004964,-0.0692534074187279,0.0986560434103012
1949,0.123983487486839,0.0626612827181816,0.0213937163352966,0.000474407046567649,-0.0634811669588089,0.124754399061203
1950,0.128188788890839,0.0680201575160027,0.0130332382395864,-0.00102046108804643,-0.0655641257762909,0.13045097887516
1951,0.128208488225937,0.0628464743494987,-0.0222722459584475,-0.0295372381806374,-0.0848998352885246,0.109386101365089
1952,0.120969004929066,0.0572800002992153,-0.0707354620099068,-0.0763902515172958,-0.113920018076897,0.0735374391078949
1953,0.104466773569584,0.0521405711770058,-0.108199335634708,-0.115986131131649,-0.127308964729309,0.0459465719759464
1954,0.0901208445429802,0.0401948057115078,-0.132154613733292,-0.13798126578331,-0.117125280201435,0.0330744236707687
1955,0.0904661044478416,0.0192099064588547,-0.146831646561623,-0.141177266836166,-0.103798359632492,0.0263768024742603
1956,0.103284768760204,-0.00258555635809898,-0.13631933927536,-0.116850025951862,-0.0959925726056099,0.0234258137643337
1957,0.121604427695274,-0.0183427352458239,-0.0879114270210266,-0.0671006888151169,-0.0808470919728279,0.0280878599733114
1958,0.137844994664192,-0.0264226477593184,-0.0229185000061989,-0.0173073839396238,-0.0594877786934376,0.0414447225630283
1959,0.144160464406013,-0.0292648803442717,0.0218262728303671,0.00551299378275871,-0.0481990836560726,0.0585713423788548
1960,0.14030347764492,-0.0266593433916569,0.037006638944149,0.00220403680577874,-0.050254762172699,0.0692577511072159
1961,0.130223676562309,-0.020909771323204,0.0318000018596649,-0.01256456784904,-0.0631552487611771,0.0606651678681374
1962,0.119826517999172,-0.0215543042868376,0.0102428598329425,-0.0345599167048931,-0.0852833986282349,0.0353782586753368
1963,0.115822710096836,-0.0296624787151814,-0.0201024115085602,-0.0612072311341763,-0.104632474482059,0.0122024770826101
1964,0.117799766361713,-0.0425684340298176,-0.0515935271978378,-0.0901401862502098,-0.112832359969616,-0.00589522859081626
1965,0.119298249483109,-0.0547413751482964,-0.0816160067915916,-0.120500929653645,-0.117432415485382,-0.0258283652365208
1966,0.114931643009186,-0.050054918974638,-0.108046002686024,-0.148811936378479,-0.130578875541687,-0.0423010848462582
1967,0.108667612075806,-0.0242486670613289,-0.123190000653267,-0.165363252162933,-0.149093776941299,-0.0462743118405342
1968,0.112433984875679,-0.000269601499894634,-0.115355513989925,-0.15746246278286,-0.154459074139595,-0.0342767983675003
1969,0.131737157702446,0.00430724397301674,-0.0817293226718903,-0.123414933681488,-0.136370658874512,-0.00523613579571247
1970,0.157921656966209,-0.00130751100368798,-0.0363658517599106,-0.0776320323348045,-0.105706267058849,0.0356771573424339
1971,0.174767628312111,-0.0118334665894508,-0.00816024374216795,-0.0448536276817322,-0.0865298360586166,0.0664135217666626
1972,0.175158903002739,-0.0358003526926041,-0.010474338196218,-0.0384291633963585,-0.0888178199529648,0.0610612593591213
1973,0.167833611369133,-0.0716253742575645,-0.0243914630264044,-0.049490861594677,-0.0978321880102158,0.0186383966356516
1974,0.164372473955154,-0.101105473935604,-0.02604641020298,-0.0590436235070229,-0.0977818444371223,-0.02691300958395
1975,0.167494863271713,-0.104691505432129,-0.00636352645233274,-0.0505549423396587,-0.0842050611972809,-0.0406542345881462
1976,0.175240740180016,-0.0842669978737831,0.0236930977553129,-0.0257856361567974,-0.0618269592523575,-0.0251342002302408
1977,0.185722649097443,-0.0627385675907135,0.037967037409544,-0.0081518366932869,-0.0446166731417179,-0.00566818984225392
1978,0.195507228374481,-0.0431264452636242,0.0251014567911625,-0.0150087093934417,-0.0408507324755192,0.00757528701797128
1979,0.197577401995659,-0.0109838182106614,-0.00921053066849709,-0.0494971536099911,-0.0534480065107346,0.00861536897718906
1980,0.18548221886158,0.0136444121599197,-0.064085066318512,-0.110510461032391,-0.0906329303979874,-0.0170073099434376
1981,0.166675508022308,0.000635931559372693,-0.122601889073849,-0.171223729848862,-0.137790501117706,-0.053787786513567
1982,0.15852452814579,-0.0428584888577461,-0.150068178772926,-0.190735220909119,-0.157686665654182,-0.0716242492198944
1983,0.169672176241875,-0.0898696333169937,-0.133496999740601,-0.158107906579971,-0.135810449719429,-0.0679092705249786
1984,0.198875740170479,-0.119258686900139,-0.0896277204155922,-0.0938494428992271,-0.0903789028525352,-0.0500202253460884
1985,0.236998483538628,-0.123353965580463,-0.038689699023962,-0.0239991564303637,-0.0476252287626266,-0.0213329493999481
1986,0.266469806432724,-0.104091174900532,0.0103258891031146,0.0331873819231987,-0.021197909489274,0.0140010360628366
1987,0.278638452291489,-0.0659801661968231,0.0516159944236279,0.0676348283886909,-0.0058496342971921,0.0497002601623535
1988,0.279525399208069,-0.0226090475916862,0.0762858837842941,0.0750268176198006,0.00558330118656158,0.0747514665126801
1989,0.274681955575943,0.00465637212619185,0.0721869170665741,0.0512239523231983,0.00407906901091337,0.0744692012667656
1990,0.264671832323074,0.00820082053542137,0.0365967825055122,0.00315251434221864,-0.0168540440499783,0.0423868969082832
1991,0.249132841825485,-0.00702814944088459,-0.0166241619735956,-0.0482265278697014,-0.0469433851540089,-0.0102903414517641
1992,0.23227234184742,-0.0394591055810452,-0.0721675977110863,-0.0896327868103981,-0.0746575370430946,-0.0655752941966057
1993,0.220928341150284,-0.0801228582859039,-0.113706916570663,-0.116096489131451,-0.0943182185292244,-0.106635004281998
1994,0.216361612081528,-0.101877748966217,-0.12301042675972,-0.122763119637966,-0.101893402636051,-0.118824899196625
1995,0.217535004019737,-0.0836019292473793,-0.101844228804111,-0.113302752375603,-0.0954980850219727,-0.10046161711216
1996,0.223260223865509,-0.0349497273564339,-0.0737562105059624,-0.100919611752033,-0.0828849077224731,-0.0645878985524178
1997,0.228598400950432,0.00965744070708752,-0.0585492141544819,-0.0933176651597023,-0.0787429437041283,-0.0263351239264011
1998,0.234684124588966,0.0266293045133352,-0.046489093452692,-0.0746040865778923,-0.0756379440426826,0.0138883609324694
1999,0.253502368927002,0.0244049690663815,-0.01372688729316,-0.023599598556757,-0.0459969229996204,0.0613445341587067

